SetupID,StatType,StatValue
tutorial_01,event_gamemode_gamemodeID,1
tutorial_01,event_gamemode_playercount,6
tutorial_01,event_gamemode_minRealPlayers,1
tutorial_01,event_gamemode_maxRealPlayers,1
tutorial_01,event_gamemode_scorelimit,15
tutorial_01,event_gamemode_timelimit,180
tutorial_01,event_gamemode_isTeamMode,FALSE
tutorial_01,event_gamemode_teamsCount,0
tutorial_01,event_gamemode_realPlayersTeamsCount,0
tutorial_01,event_gamemode_lobbyWaitTimeout,10
tutorial_01,event_gamemode_respawnDuration,5
tutorial_01,event_gamemode_introDuration,0
tutorial_01,event_gamemode_countdownDuration,0
tutorial_01,event_gamemode_map,map_Tutorial
tutorial_01,event_gamemode_victoryDescID,event_tutorial_victoryDesc
tutorial_02_RUMBLE,embeddedSetupID,gm_RUM
tutorial_02_RUMBLE,event_gamemode_gamemodeID,256
tutorial_02_RUMBLE,event_gamemode_maxRealPlayers,1
tutorial_02_RUMBLE,event_gamemode_minRealPlayers,1
tutorial_02_TC,embeddedSetupID,gm_TC
tutorial_02_TC,event_gamemode_gamemodeID,8
tutorial_02_TC,event_gamemode_maxRealPlayers,1
tutorial_02_TC,event_gamemode_minRealPlayers,1
tutorial_02_TC,event_gamemode_isTeamMode,TRUE
tutorial_02_TC,event_gamemode_teamsCount,2
tutorial_02_TC,event_gamemode_realPlayersTeamsCount,1
tutorial_02_TC,event_gamemode_scorelimit,5
tutorial_02_TC,event_gamemode_timelimit,120
emb_gamemode_team_base,event_gamemode_playercount,6
emb_gamemode_team_base,event_gamemode_minRealPlayers,1
emb_gamemode_team_base,event_gamemode_maxRealPlayers,6
emb_gamemode_team_base,event_gamemode_isTeamMode,TRUE
emb_gamemode_team_base,event_gamemode_teamsCount,2
emb_gamemode_team_base,event_gamemode_realPlayersTeamsCount,2
emb_gamemode_team_base,event_gamemode_useEvenPlayerCount,FALSE
emb_gamemode_team_base,event_gamemode_lobbyWaitTimeout,30
emb_gamemode_team_base,event_gamemode_lobbyWaitTimeoutShort,5
emb_gamemode_team_base,event_gamemode_respawnDuration,5
emb_gamemode_team_base,event_gamemode_introDuration,9
emb_gamemode_team_base,event_gamemode_countdownDuration,3
emb_gamemode_team_base,event_gamemode_rewardItemID_1,BattlePassToken
emb_gamemode_team_base,event_gamemode_rewardItemID_2,WeaponXP
emb_gamemode_team_base,event_gamemode_rewardItemID_3,CantinaBox
emb_gamemode_team_base,event_gamemode_newEventRewardID,
emb_gamemode_team_base,matchmaking_FILTERING_TYPE,MATCHESPLAYED
emb_gamemode_team_base,matchmaking_ORDERING_TYPE,POWER
emb_gamemode_team_base,matchmaking_BALANCING_TYPE,POWER
emb_gamemode_team_base,matchmaking_MATCHES_PLAYED_SEGMENTS,"1,25,250"
emb_gamemode_team_base,matchmaking_POWER_SEGMENTS,"0,10,99"
emb_gamemode_team_base,bots_difficulty_selection,MATCHESPLAYED
emb_gamemode_event_shards,event_gamemode_shardEvent,TRUE
emb_gamemode_event_shards,event_gamemode_shardEventItemID,Shards
emb_gamemode_event_shards,event_gamemode_shardEventMaxShards,5000
emb_gamemode_event_shards,event_gamemode_shardEventShardsForWin,500
emb_gamemode_event_shards,event_gamemode_shardEventShardsForLose,100
emb_gamemode_event_shards,event_gamemode_shardEventShardsForDraw,100
emb_gamemode_event_careerXP,event_gamemode_shardEvent,TRUE
emb_gamemode_event_careerXP,event_gamemode_shardEventItemID,CareerPoints
emb_gamemode_event_careerXP,event_gamemode_shardEventMaxShards,5
emb_gamemode_event_careerXP,event_gamemode_shardEventShardsForWin,1
emb_gamemode_event_careerXP,event_gamemode_shardEventShardsForLose,0
emb_gamemode_event_careerXP,event_gamemode_shardEventShardsForDraw,0
emb_gamemode_event_credits,event_gamemode_shardEvent,TRUE
emb_gamemode_event_credits,event_gamemode_shardEventItemID,Credit
emb_gamemode_event_credits,event_gamemode_shardEventMaxShards,20
emb_gamemode_event_credits,event_gamemode_shardEventShardsForWin,4
emb_gamemode_event_credits,event_gamemode_shardEventShardsForLose,0
emb_gamemode_event_credits,event_gamemode_shardEventShardsForDraw,2
emb_gamemode_event_racetoken,event_gamemode_shardEvent,TRUE
emb_gamemode_event_racetoken,event_gamemode_shardEventItemID,RaceToken_Universal
emb_gamemode_event_racetoken,event_gamemode_shardEventMaxShards,5
emb_gamemode_event_racetoken,event_gamemode_shardEventShardsForWin,1
emb_gamemode_event_racetoken,event_gamemode_shardEventShardsForLose,0
emb_gamemode_event_racetoken,event_gamemode_shardEventShardsForDraw,0
emb_gamemode_event_bpToken,event_gamemode_shardEvent,TRUE
emb_gamemode_event_bpToken,event_gamemode_shardEventItemID,BattlePassToken
emb_gamemode_event_bpToken,event_gamemode_shardEventMaxShards,50
emb_gamemode_event_bpToken,event_gamemode_shardEventShardsForWin,10
emb_gamemode_event_bpToken,event_gamemode_shardEventShardsForLose,5
emb_gamemode_event_bpToken,event_gamemode_shardEventShardsForDraw,0
emb_gamemode_event_dragonNewYear,event_gamemode_shardEvent,TRUE
emb_gamemode_event_dragonNewYear,event_gamemode_shardEventItemID,BattlePassToken_DragonNewYear
emb_gamemode_event_dragonNewYear,event_gamemode_shardEventMaxShards,10
emb_gamemode_event_dragonNewYear,event_gamemode_shardEventShardsForWin,2
emb_gamemode_event_dragonNewYear,event_gamemode_shardEventShardsForLose,1
emb_gamemode_event_dragonNewYear,event_gamemode_shardEventShardsForDraw,0
rnd_gm_events,randomSetupID,
rnd_gm_events,randomSetupID,
rnd_gm_events,randomSetupID,
rnd_gm_events,randomSetupID,
rnd_gm_events,randomSetupID,emb_gamemode_event_shards
rnd_gm_events,randomSetupID,emb_gamemode_event_credits
rnd_gm_events,randomSetupID,emb_gamemode_event_careerXP
rnd_gm_events,randomSetupID,emb_gamemode_event_racetoken
emb_gamemode_TC_base,embeddedSetupID,emb_gamemode_team_base
emb_gamemode_TC_base,event_gamemode_gamemodeID,2
emb_gamemode_TC_base,event_gamemode_scorelimit,15
emb_gamemode_TC_base,event_gamemode_timelimit,180
emb_gamemode_TC_base,event_gamemode_victoryDescID,event_tdm_victoryDesc
emb_gamemode_TC_base,event_gamemode_newEventDurationInHours,7
emb_gamemode_TC_base,event_gamemode_ui_isCardBig,FALSE
gm_TC,embeddedSetupID,emb_gamemode_TC_base
gm_TC,embeddedSetupID,rnd_gm_TC_maps
gm_TC,embeddedSetupID,rnd_gm_events
rnd_gm_TC_maps,randomSetupID,gamemode_TC_mapPack1
rnd_gm_TC_maps,randomSetupID,gamemode_TC_mapPack2
gamemode_TC_mapPack1,event_gamemode_map,map_TheQuarry
gamemode_TC_mapPack1,event_gamemode_map2,map_FourFields
gamemode_TC_mapPack1,event_gamemode_map3,map_DustValley
gamemode_TC_mapPack2,event_gamemode_map,map_FourFields
gamemode_TC_mapPack2,event_gamemode_map2,map_HideAndSeek
gamemode_TC_mapPack2,event_gamemode_map3,map_DustValley
emb_gamemode_TC_map1,event_gamemode_map,map_TheQuarry
emb_gamemode_TC_map2,event_gamemode_map,map_FourFields
emb_gamemode_TC_map3,event_gamemode_map,map_DustValley
emb_gamemode_TC_map4,event_gamemode_map,map_HideAndSeek
gm_TC_map1,embeddedSetupID,emb_gamemode_TC_base
gm_TC_map1,embeddedSetupID,emb_gamemode_TC_map1
gm_TC_map1,embeddedSetupID,emb_gamemode_event_shards
gm_TC_map2,embeddedSetupID,emb_gamemode_TC_base
gm_TC_map2,embeddedSetupID,emb_gamemode_TC_map2
gm_TC_map2,embeddedSetupID,emb_gamemode_event_credits
gm_TC_map3,embeddedSetupID,emb_gamemode_TC_base
gm_TC_map3,embeddedSetupID,emb_gamemode_TC_map3
gm_TC_map3,embeddedSetupID,emb_gamemode_event_careerXP
gm_TC_map4,embeddedSetupID,emb_gamemode_TC_base
gm_TC_map4,embeddedSetupID,emb_gamemode_TC_map4
emb_gamemode_HS_base,embeddedSetupID,emb_gamemode_team_base
emb_gamemode_HS_base,event_gamemode_gamemodeID,16
emb_gamemode_HS_base,event_gamemode_scorelimit,30
emb_gamemode_HS_base,event_gamemode_timelimit,180
emb_gamemode_HS_base,event_gamemode_victoryDescID,event_killstreak_victoryDesc
emb_gamemode_HS_base,event_gamemode_newEventDurationInHours,9
emb_gamemode_HS_base,event_gamemode_ui_isCardBig,FALSE
gm_HS,embeddedSetupID,emb_gamemode_HS_base
gm_HS,embeddedSetupID,rnd_gm_HS_maps
gm_HS,embeddedSetupID,rnd_gm_events
emb_gamemode_HS_map1,event_gamemode_map,map_ChaosCanyon
emb_gamemode_HS_map2,event_gamemode_map,map_SplitSector
emb_gamemode_HS_map3,event_gamemode_map,map_SolarSanctuary
emb_gamemode_HS_map4,event_gamemode_map,map_BedrockBrawl
rnd_gm_HS_maps,randomSetupID,emb_gamemode_HS_map1
rnd_gm_HS_maps,randomSetupID,emb_gamemode_HS_map2
rnd_gm_HS_maps,randomSetupID,emb_gamemode_HS_map3
gm_HS_map1,embeddedSetupID,emb_gamemode_HS_base
gm_HS_map1,embeddedSetupID,emb_gamemode_HS_map1
gm_HS_map1,embeddedSetupID,emb_gamemode_event_racetoken
gm_HS_map2,embeddedSetupID,emb_gamemode_HS_base
gm_HS_map2,embeddedSetupID,emb_gamemode_HS_map2
gm_HS_map2,embeddedSetupID,emb_gamemode_event_bpToken
gm_HS_map3,embeddedSetupID,emb_gamemode_HS_base
gm_HS_map3,embeddedSetupID,emb_gamemode_HS_map3
gm_HS_map4,embeddedSetupID,emb_gamemode_HS_base
gm_HS_map4,embeddedSetupID,emb_gamemode_HS_map4
emb_gamemode_RUM_base,event_gamemode_ui_isCardBig,TRUE
emb_gamemode_RUM_base,event_gamemode_gamemodeID,128
emb_gamemode_RUM_base,event_gamemode_playercount,10
emb_gamemode_RUM_base,event_gamemode_minRealPlayers,1
emb_gamemode_RUM_base,event_gamemode_maxRealPlayers,10
emb_gamemode_RUM_base,event_gamemode_scorelimit,0
emb_gamemode_RUM_base,event_gamemode_timelimit,180
emb_gamemode_RUM_base,event_gamemode_isTeamMode,FALSE
emb_gamemode_RUM_base,event_gamemode_teamsCount,0
emb_gamemode_RUM_base,event_gamemode_realPlayersTeamsCount,0
emb_gamemode_RUM_base,event_gamemode_useEvenPlayerCount,FALSE
emb_gamemode_RUM_base,event_gamemode_lobbyWaitTimeout,20
emb_gamemode_RUM_base,event_gamemode_lobbyWaitTimeoutShort,20
emb_gamemode_RUM_base,event_gamemode_respawnDuration,5
emb_gamemode_RUM_base,event_gamemode_introDuration,9
emb_gamemode_RUM_base,event_gamemode_countdownDuration,3
emb_gamemode_RUM_base,event_gamemode_newEventRewardID,
emb_gamemode_RUM_base,event_gamemode_victoryDescID,event_rumble_victoryDesc
emb_gamemode_RUM_base,event_gamemode_rewardItemID_1,BattlePassToken
emb_gamemode_RUM_base,event_gamemode_rewardItemID_2,WeaponXP
emb_gamemode_RUM_base,event_gamemode_rewardItemID_3,EarnedCantinaBoxFragments
emb_gamemode_RUM_base,event_gamemode_rumble_circle_waitToShrinkTime,5
emb_gamemode_RUM_base,event_gamemode_rumble_circle_shrinkingDuration,160
emb_gamemode_RUM_base,event_gamemode_rumble_circle_shrinkingSpeedMultiplierOnShowdown,3.5
emb_gamemode_RUM_base,event_gamemode_rumble_circle_damage_per_sec_percentage,0.25
emb_gamemode_RUM_base,event_gamemode_rumble_circle_shrinkingMinRadius,6
emb_gamemode_RUM_base,event_gamemode_rumble_circle_maxSize,60
emb_gamemode_RUM_base,event_gamemode_rumble_stars_dropped_after_kill,3
emb_gamemode_RUM_base,event_gamemode_rumble_stars_dropped_after_killing_level_1,1
emb_gamemode_RUM_base,event_gamemode_rumble_stars_dropped_after_killing_level_2,2
emb_gamemode_RUM_base,event_gamemode_rumble_stars_dropped_after_killing_level_3,3
emb_gamemode_RUM_base,event_gamemode_rumble_stars_dropped_after_killing_level_4,5
emb_gamemode_RUM_base,event_gamemode_rumble_stars_dropped_after_killing_level_5,7
emb_gamemode_RUM_base,event_gamemode_rumble_stars_dropped_from_barrel,2
emb_gamemode_RUM_base,event_gamemode_rumble_stars_requiredToLevelup,5
emb_gamemode_RUM_base,event_gamemode_rumble_stars_requiredToLevelup_to_2,2
emb_gamemode_RUM_base,event_gamemode_rumble_stars_requiredToLevelup_to_3,3
emb_gamemode_RUM_base,event_gamemode_rumble_stars_requiredToLevelup_to_4,4
emb_gamemode_RUM_base,event_gamemode_rumble_stars_requiredToLevelup_to_5,5
emb_gamemode_RUM_base,event_gamemode_rumble_stars_requiredToLevelup_to_6,6
emb_gamemode_RUM_base,event_gamemode_rumble_stars_requiredToLevelup_to_7,7
emb_gamemode_RUM_base,event_gamemode_rumble_barrel_ultimateChargeMultiplier,0.5
emb_gamemode_RUM_base,event_gamemode_rumble_spawncount_stars,20
emb_gamemode_RUM_base,event_gamemode_rumble_spawncount_barrels,30
emb_gamemode_RUM_base,event_gamemode_rumble_spawncount_healthPickups,15
emb_gamemode_RUM_base,event_gamemode_rumble_barrel_healthMultiplier,0.65
emb_gamemode_RUM_base,event_gamemode_rumble_spawncount_healthPickups,10
emb_gamemode_RUM_base,matchmaking_FILTERING_TYPE,MATCHESPLAYED
emb_gamemode_RUM_base,matchmaking_ORDERING_TYPE,POWER
emb_gamemode_RUM_base,matchmaking_BALANCING_TYPE,POWER
emb_gamemode_RUM_base,matchmaking_MATCHES_PLAYED_SEGMENTS,"1,25,250"
emb_gamemode_RUM_base,matchmaking_POWER_SEGMENTS,"0,10,99"
emb_gamemode_RUM_base,bots_difficulty_selection,MATCHESPLAYED
gm_RUM,embeddedSetupID,emb_gamemode_RUM_base
gm_RUM,embeddedSetupID,emb_gamemode_RUM_map2
gm_RUM_newmaptest,embeddedSetupID,emb_gamemode_RUM_base
gm_RUM_newmaptest,embeddedSetupID,emb_gamemode_RUM_map2
gm_RUM_newmaptest2,embeddedSetupID,emb_gamemode_RUM_base
gm_RUM_newmaptest2,embeddedSetupID,emb_gamemode_RUM_map3
gm_RUM_newmaptest2,event_gamemode_rumble_second_life,FALSE
emb_gamemode_RUM_map1,event_gamemode_map,map_BR_ANU
emb_gamemode_RUM_map2,event_gamemode_map,map_BR_Desert
emb_gamemode_RUM_map3,event_gamemode_map,map_BR_Mining
rnd_gm_RUM_maps,randomSetupID,emb_gamemode_RUM_mapPack1
emb_gamemode_RUM_mapPack1,event_gamemode_map,map_BR_ANU
emb_gamemode_RUM_mapPack1,event_gamemode_map2,map_BR_Desert
emb_gamemode_DUEL_base,embeddedSetupID,emb_gamemode_team_base
emb_gamemode_DUEL_base,event_gamemode_gamemodeID,2
emb_gamemode_DUEL_base,event_gamemode_scorelimit,5
emb_gamemode_DUEL_base,event_gamemode_timelimit,120
emb_gamemode_DUEL_base,event_gamemode_victoryDescID,event_tdm_victoryDesc
emb_gamemode_DUEL_base,event_gamemode_newEventDurationInHours,24
emb_gamemode_DUEL_base,event_gamemode_playercount,2
emb_gamemode_DUEL_base,event_gamemode_useEvenPlayerCount,TRUE
emb_gamemode_DUEL_base,event_gamemode_minRealPlayers,1
emb_gamemode_DUEL_base,event_gamemode_maxRealPlayers,2
emb_gamemode_DUEL_base,event_gamemode_rewardItemID_1,WeaponXP
emb_gamemode_DUEL_base,event_gamemode_rewardItemID_2,BattlePassToken
emb_gamemode_DUEL_base,event_gamemode_rewardItemID_3,
gm_DUEL,embeddedSetupID,emb_gamemode_DUEL_base
gm_DUEL,embeddedSetupID,rnd_gm_DUEL_maps
gm_DUEL,embeddedSetupID,rnd_gm_events
emb_gamemode_DUEL_map1,event_gamemode_map,map_TheQuarry
rnd_gm_DUEL_maps,randomSetupID,emb_gamemode_DUEL_map1
gm_COOP,embeddedSetupID,emb_gamemode_team_base
gm_COOP,event_gamemode_gamemodeID,2
gm_COOP,event_gamemode_scorelimit,10
gm_COOP,event_gamemode_timelimit,180
gm_COOP,event_gamemode_victoryDescID,event_tdm_victoryDesc
gm_COOP,event_gamemode_newEventDurationInHours,3
gm_COOP,event_gamemode_useEvenPlayerCount,FALSE
gm_COOP,event_gamemode_playercount,3
gm_COOP,event_gamemode_realPlayersTeamsCount,1
gm_COOP,event_gamemode_minRealPlayers,3
gm_COOP,event_gamemode_maxRealPlayers,3
gm_COOP,embeddedSetupID,rnd_gm_TC_maps
gm_COOP,embeddedSetupID,rnd_gm_events
battlepass_preseason,event_battlepass_isPreSeason,TRUE
battlepass_preseason,event_battlepass_rewardPoolID,4
battlepass_preseason,event_battlepass_tierSkipPriceID,battlepass_skip_tier
battlepass_preseason,event_battlepass_freeRewardClaimNeedsVideo,FALSE
battlepass_preseason,event_battlepass_freeRewardClaimNeedsVideoFromRewardIndex,10
battlepass_preseason,event_battlepass_purchasePriceID1,battlepass_paid
battlepass_preseason,event_battlepass_purchasePriceID2,battlepass_paid2
battlepass_preseason,event_battlepass_paid_extraShards,1.2
battlepass_preseason,event_battlepass_paid_lootboxSameTimeOpenCount,4
battlepass_preseason,event_battlepass_token_energy_max,200
battlepass_preseason,event_battlepass_token_energy_paid_max,300
battlepass_preseason,event_battlepass_token_energy_regeneration_hours,1
battlepass_preseason,event_battlepass_token_energy_regeneration_amount,30
emb_battlepass_season_base,event_battlepass_isPreSeason,FALSE
emb_battlepass_season_base,event_battlepass_tierSkipPriceID,battlepass_skip_tier
emb_battlepass_season_base,event_battlepass_freeRewardClaimNeedsVideo,FALSE
emb_battlepass_season_base,event_battlepass_freeRewardClaimNeedsVideoFromRewardIndex,10
emb_battlepass_season_base,event_battlepass_isMainEvent,TRUE
emb_battlepass_season_base,event_battlepass_purchasePriceID1,battlepass_paid
emb_battlepass_season_base,event_battlepass_purchasePriceID2,battlepass_paid2
emb_battlepass_season_base,event_battlepass_paid_extraShards,1.2
emb_battlepass_season_base,event_battlepass_paid_lootboxSameTimeOpenCount,2
emb_battlepass_season_base,event_battlepass_token_energy_itemID,BattlePassToken
emb_battlepass_season_base,event_battlepass_token_energy_doubler_itemID,BattlePassTokenDoubler
emb_battlepass_season_base,event_battlepass_token_energy_max,200
emb_battlepass_season_base,event_battlepass_token_energy_paid_max,300
emb_battlepass_season_base,event_battlepass_token_energy_regeneration_hours,1
emb_battlepass_season_base,event_battlepass_token_energy_regeneration_amount,30
emb_battlepass_season_base2,embeddedSetupID,emb_battlepass_season_base
emb_battlepass_season_base2,event_battlepass_token_energy_max,100
emb_battlepass_season_base2,event_battlepass_token_energy_paid_max,150
emb_battlepass_season_base2,event_battlepass_token_energy_regeneration_hours,1
emb_battlepass_season_base2,event_battlepass_token_energy_regeneration_amount,25
emb_battlepass_season_base2,event_battlepass_tierSkipPriceID,battlepass_skip_tier2
emb_battlepass_season_baseSingleTier,event_battlepass_isPreSeason,FALSE
emb_battlepass_season_baseSingleTier,event_battlepass_tierSkipPriceID,
emb_battlepass_season_baseSingleTier,event_battlepass_freeRewardClaimNeedsVideo,FALSE
emb_battlepass_season_baseSingleTier,event_battlepass_freeRewardClaimNeedsVideoFromRewardIndex,10
emb_battlepass_season_baseSingleTier,event_battlepass_isMainEvent,TRUE
emb_battlepass_season_baseSingleTier,event_battlepass_purchasePriceID1,battlepass_tier_gold
emb_battlepass_season_baseSingleTier,event_battlepass_purchasePriceID2,battlepass_tier_premium
emb_battlepass_season_baseSingleTier,event_battlepass_paid_extraShards,1
emb_battlepass_season_baseSingleTier,event_battlepass_paid_lootboxSameTimeOpenCount,1
emb_battlepass_season_baseSingleTier,event_battlepass_token_energy_itemID,BattlePassToken
emb_battlepass_season_baseSingleTier,event_battlepass_token_energy_doubler_itemID,BattlePassTokenDoubler
emb_battlepass_season_baseSingleTier,event_battlepass_token_energy_max,100
emb_battlepass_season_baseSingleTier,event_battlepass_token_energy_paid_max,150
emb_battlepass_season_baseSingleTier,event_battlepass_token_energy_regeneration_hours,1
emb_battlepass_season_baseSingleTier,event_battlepass_token_energy_regeneration_amount,25
bp_s01,embeddedSetupID,emb_battlepass_season_base
bp_s01,event_battlepass_rewardPoolID,bp_s01
bp_s02,embeddedSetupID,emb_battlepass_season_base
bp_s02,event_battlepass_rewardPoolID,bp_s02
bp_s02,event_battlepass_bonusRewardID,CantinaBox_BattlePass_Bonus_Season2
bp_s02,event_battlepass_bonusRewardTokenRequired,300
bp_s03,embeddedSetupID,emb_battlepass_season_base
bp_s03,event_battlepass_rewardPoolID,bp_s03
bp_s03,event_battlepass_bonusRewardID,CantinaBox_BattlePass_Bonus_Season3
bp_s03,event_battlepass_bonusRewardTokenRequired,300
bp_s04,embeddedSetupID,emb_battlepass_season_base
bp_s04,event_battlepass_rewardPoolID,bp_s04
bp_s04,event_battlepass_bonusRewardID,CantinaBox_BattlePass_Bonus_Season4
bp_s04,event_battlepass_bonusRewardTokenRequired,300
bp_s04,event_battlepass_isMainEvent,TRUE
emb_arena_base,event_gamemode_useEvenPlayerCount,TRUE
emb_arena_base,event_gamemode_lobbyWaitTimeout,0
emb_arena_base,event_gamemode_lobbyWaitTimeoutShort,60
emb_arena_base,event_gamemode_lobbyWaitTimeoutStaged,TRUE
emb_arena_base,event_gamemode_lobbyWaitTimeoutAtStart,0
emb_arena_base,event_gamemode_lobbyWaitTimeoutAt2Players,180
emb_arena_base,event_gamemode_lobbyWaitTimeoutAt4Players,120
emb_arena_base,event_gamemode_respawnDuration,5
emb_arena_base,event_gamemode_introDuration,15
emb_arena_base,event_gamemode_countdownDuration,3
emb_arena_base,event_gamemode_rewardItemID_1,Crown
emb_arena_base,event_gamemode_rewardItemID_2,ArenaTrophy
emb_arena_base,event_gamemode_rewardItemID_3,ArenaScore
emb_arena_base,event_gamemode_rewardItemID_4,WeaponXP
emb_arena_base,event_arenaroyale_matchLimitPerDayForScore,1000
emb_arena_base,event_arenaroyale_public_borrow_maxplaycount,25
emb_arena_base,event_arenaroyale_direct_borrow_maxplaycount,25
emb_arena_base,matchmaking_FILTERING_TYPE,POWER
emb_arena_base,matchmaking_ORDERING_TYPE,POWER
emb_arena_base,matchmaking_BALANCING_TYPE,POWER
emb_arena_base,matchmaking_MATCHES_PLAYED_SEGMENTS,1
emb_arena_base,matchmaking_POWER_SEGMENTS,"0,10,99"
emb_arena_base,bots_difficulty_selection,MATCHESPLAYED
emb_arena_mode_TC,event_gamemode_gamemodeID,2
emb_arena_mode_TC,event_gamemode_scorelimit,20
emb_arena_mode_TC,event_gamemode_timelimit,300
emb_arena_mode_TC,embeddedSetupID,rnd_gm_TC_maps
emb_arena_mode_TC,event_gamemode_playercount,6
emb_arena_mode_TC,event_gamemode_minRealPlayers,1
emb_arena_mode_TC,event_gamemode_maxRealPlayers,6
emb_arena_mode_TC,event_gamemode_isTeamMode,TRUE
emb_arena_mode_TC,event_gamemode_teamsCount,2
emb_arena_mode_TC,event_gamemode_realPlayersTeamsCount,2
emb_arena_mode_TC,event_gamemode_victoryDescID,event_tdm_victoryDesc
emb_arena_mode_HS,event_gamemode_gamemodeID,16
emb_arena_mode_HS,event_gamemode_scorelimit,50
emb_arena_mode_HS,event_gamemode_timelimit,300
emb_arena_mode_HS,embeddedSetupID,rnd_gm_HS_maps
emb_arena_mode_HS,event_gamemode_playercount,6
emb_arena_mode_HS,event_gamemode_minRealPlayers,1
emb_arena_mode_HS,event_gamemode_maxRealPlayers,6
emb_arena_mode_HS,event_gamemode_isTeamMode,TRUE
emb_arena_mode_HS,event_gamemode_teamsCount,2
emb_arena_mode_HS,event_gamemode_realPlayersTeamsCount,2
emb_arena_mode_HS,event_gamemode_victoryDescID,event_killstreak_victoryDesc
emb_arena_mode_RUMBLE,embeddedSetupID,emb_gamemode_RUM_base
emb_arena_mode_RUMBLE,embeddedSetupID,rnd_gm_RUM_maps
emb_arena_mode_RUMBLE,matchmaking_FILTERING_TYPE,POWER
emb_arena_mode_RUMBLE,matchmaking_ORDERING_TYPE,POWER
emb_arena_mode_RUMBLE,matchmaking_BALANCING_TYPE,POWER
emb_arena_mode_RUMBLE,matchmaking_MATCHES_PLAYED_SEGMENTS,1
emb_arena_mode_RUMBLE,matchmaking_POWER_SEGMENTS,"0,10,99"
emb_arena_mode_RUMBLE,event_gamemode_gamemodeID,128
emb_arena_mode_RUMBLE,event_gamemode_playercount,10
emb_arena_mode_RUMBLE,event_gamemode_minRealPlayers,4
emb_arena_mode_RUMBLE,event_gamemode_maxRealPlayers,6
emb_arena_mode_RUMBLE,event_gamemode_rumble_second_life,FALSE
arena_23_11,embeddedSetupID,emb_arena_base
arena_23_11,embeddedSetupID,emb_arena_mode_TC
arena_23_11,event_arenaroyale_leaderboardPoolID,10
arena_23_12,embeddedSetupID,emb_arena_base
arena_23_12,embeddedSetupID,emb_arena_mode_HS
arena_23_12,event_arenaroyale_leaderboardPoolID,11
arena_23_12,event_arenaroyale_previousEventID,3032
arena_24_01,embeddedSetupID,emb_arena_base
arena_24_01,embeddedSetupID,emb_arena_mode_TC
arena_24_01,event_arenaroyale_leaderboardPoolID,20
arena_24_01,event_arenaroyale_previousEventID,3033
arena_24_02,embeddedSetupID,emb_arena_base
arena_24_02,embeddedSetupID,emb_arena_mode_HS
arena_24_02,event_arenaroyale_leaderboardPoolID,21
arena_24_02,event_arenaroyale_previousEventID,3034
arena_24_03,embeddedSetupID,emb_arena_base
arena_24_03,embeddedSetupID,emb_arena_mode_TC
arena_24_03,event_arenaroyale_leaderboardPoolID,22
arena_24_03,event_arenaroyale_previousEventID,3035
arena_24_04,embeddedSetupID,emb_arena_base
arena_24_04,embeddedSetupID,emb_arena_mode_HS
arena_24_04,event_arenaroyale_leaderboardPoolID,20
arena_24_04,event_arenaroyale_previousEventID,3036
arena_24_05,embeddedSetupID,emb_arena_base
arena_24_05,embeddedSetupID,emb_arena_mode_TC
arena_24_05,event_arenaroyale_leaderboardPoolID,21
arena_24_05,event_arenaroyale_previousEventID,3043
arena_3045,embeddedSetupID,emb_arena_base
arena_3045,embeddedSetupID,emb_arena_mode_RUMBLE
arena_3045,event_arenaroyale_leaderboardPoolID,20
arena_3045,event_arenaroyale_previousEventID,3044
arena_3046,embeddedSetupID,emb_arena_base
arena_3046,embeddedSetupID,emb_arena_mode_RUMBLE
arena_3046,event_arenaroyale_leaderboardPoolID,22
arena_3046,event_arenaroyale_previousEventID,3045
arena_3047,embeddedSetupID,emb_arena_base
arena_3047,embeddedSetupID,emb_arena_mode_RUMBLE
arena_3047,event_arenaroyale_leaderboardPoolID,21
arena_3047,event_arenaroyale_previousEventID,3046
arena_3048,embeddedSetupID,emb_arena_base
arena_3048,embeddedSetupID,emb_arena_mode_RUMBLE
arena_3048,event_arenaroyale_leaderboardPoolID,20
arena_3048,event_arenaroyale_previousEventID,3047
arena_3049,embeddedSetupID,emb_arena_base
arena_3049,embeddedSetupID,emb_arena_mode_RUMBLE
arena_3049,event_arenaroyale_leaderboardPoolID,22
arena_3049,event_arenaroyale_previousEventID,3048
arena_3050,embeddedSetupID,emb_arena_base
arena_3050,embeddedSetupID,emb_arena_mode_RUMBLE
arena_3050,event_arenaroyale_leaderboardPoolID,21
arena_3050,event_arenaroyale_previousEventID,3049
arena_3051,embeddedSetupID,emb_arena_base
arena_3051,embeddedSetupID,emb_arena_mode_RUMBLE
arena_3051,event_arenaroyale_leaderboardPoolID,22
arena_3051,event_arenaroyale_previousEventID,3050
arena_3052,embeddedSetupID,emb_arena_base
arena_3052,embeddedSetupID,emb_arena_mode_RUMBLE
arena_3052,event_arenaroyale_leaderboardPoolID,20
arena_3052,event_arenaroyale_previousEventID,3051
arena_3053,embeddedSetupID,emb_arena_base
arena_3053,embeddedSetupID,emb_arena_mode_RUMBLE
arena_3053,event_arenaroyale_leaderboardPoolID,21
arena_3053,event_arenaroyale_previousEventID,3052
arena_3054,embeddedSetupID,emb_arena_base
arena_3054,embeddedSetupID,emb_arena_mode_RUMBLE
arena_3054,event_arenaroyale_leaderboardPoolID,22
arena_3054,event_arenaroyale_previousEventID,3053
arena_3055,embeddedSetupID,emb_arena_base
arena_3055,embeddedSetupID,emb_arena_mode_RUMBLE
arena_3055,event_arenaroyale_leaderboardPoolID,21
arena_3055,event_arenaroyale_previousEventID,3054
arena_3056,embeddedSetupID,emb_arena_base
arena_3056,embeddedSetupID,emb_arena_mode_RUMBLE
arena_3056,event_arenaroyale_leaderboardPoolID,20
arena_3056,event_arenaroyale_previousEventID,3055
arena_3057,embeddedSetupID,emb_arena_base
arena_3057,embeddedSetupID,emb_arena_mode_RUMBLE
arena_3057,event_arenaroyale_leaderboardPoolID,22
arena_3057,event_arenaroyale_previousEventID,3056
arena_3058,embeddedSetupID,emb_arena_base
arena_3058,embeddedSetupID,emb_arena_mode_RUMBLE
arena_3058,event_arenaroyale_leaderboardPoolID,21
arena_3058,event_arenaroyale_previousEventID,3057
arena_3059,embeddedSetupID,emb_arena_base
arena_3059,embeddedSetupID,emb_arena_mode_RUMBLE
arena_3059,event_arenaroyale_leaderboardPoolID,20
arena_3059,event_arenaroyale_previousEventID,3058
arena_3060,embeddedSetupID,emb_arena_base
arena_3060,embeddedSetupID,emb_arena_mode_RUMBLE
arena_3060,event_arenaroyale_leaderboardPoolID,22
arena_3060,event_arenaroyale_previousEventID,3059
arena_3061,embeddedSetupID,emb_arena_base
arena_3061,embeddedSetupID,emb_arena_mode_RUMBLE
arena_3061,event_arenaroyale_leaderboardPoolID,21
arena_3061,event_arenaroyale_previousEventID,3060
arena_3062,embeddedSetupID,emb_arena_base
arena_3062,embeddedSetupID,emb_arena_mode_RUMBLE
arena_3062,event_arenaroyale_leaderboardPoolID,20
arena_3062,event_arenaroyale_previousEventID,3061
arena_3063,embeddedSetupID,emb_arena_base
arena_3063,embeddedSetupID,emb_arena_mode_RUMBLE
arena_3063,event_arenaroyale_leaderboardPoolID,22
arena_3063,event_arenaroyale_previousEventID,3062
arena_rumble_test,embeddedSetupID,emb_arena_base
arena_rumble_test,embeddedSetupID,emb_arena_mode_RUMBLE
arena_rumble_test,event_arenaroyale_leaderboardPoolID,101
arena_RUM_1,embeddedSetupID,emb_arena_base
arena_RUM_1,embeddedSetupID,emb_arena_mode_RUMBLE
arena_RUM_1,embeddedSetupID,emb_gamemode_RUM_map2
arena_RUM_1,event_arenaroyale_leaderboardPoolID,20
arena_RUM_2,embeddedSetupID,emb_arena_base
arena_RUM_2,embeddedSetupID,emb_arena_mode_RUMBLE
arena_RUM_2,event_arenaroyale_leaderboardPoolID,21
arena_RUM_3,embeddedSetupID,emb_arena_base
arena_RUM_3,embeddedSetupID,emb_arena_mode_RUMBLE
arena_RUM_3,event_arenaroyale_leaderboardPoolID,22
arena_RUM_4,embeddedSetupID,emb_arena_base
arena_RUM_4,embeddedSetupID,emb_arena_mode_RUMBLE
arena_RUM_4,event_arenaroyale_leaderboardPoolID,201
arena_RUM_4,event_arenaroyale_premium_leaderboardPoolID,202
arena_RUM_4,event_arenaroyale_premium_playerLimit,3
arena_RUM_4,event_arenaroyale_premium_pricePoolID,arena_royal_premium
arena_RUM_4,event_arenaroyale_premium_pricePoolID2,arena_royal_premium
arena_RUM_4,event_arenaroyale_isPremiumVersion,TRUE
arena_RUM_AT_1,embeddedSetupID,emb_arena_base
arena_RUM_AT_1,embeddedSetupID,emb_arena_mode_RUMBLE
arena_RUM_AT_1,embeddedSetupID,emb_gamemode_RUM_map2
arena_RUM_AT_1,event_arenaroyale_leaderboardPoolID,20
arena_RUM_AT_1,matchmaking_FILTERING_TYPE,POWER
forge_daily,event_forge_rewardPoolID,weapon_box
forge_daily,event_forge_dailyFreePriceID,weaponbox_forge_video
forge_daily,event_forge_priceID_1,weaponbox_forge_1
forge_daily,event_forge_priceID_2,weaponbox_forge_2
forge_daily,event_forge_priceID_x10,weaponbox_forge_x10
forge_daily,event_forge_priceID_x10_2,weaponbox_forge_x10_2
forge_daily,event_forge_cardAsset,daily
forge_epic,event_forge_rewardPoolID,weapon_box_epic
forge_epic,event_forge_priceID_1,weaponboxepic_forge_1
forge_epic,event_forge_priceID_2,weaponboxepic_forge_2
forge_epic,event_forge_priceID_x10,weaponboxepic_forge_x10
forge_epic,event_forge_priceID_x10_2,weaponboxepic_forge_x10_2
forge_epic,event_forge_cardAsset,epic
forge_epic,event_forge_guaranteeOpenCount,10
forge_epic,event_forge_guaranteedRewardPoolID,weapon_box_epic_guarantee
forge_class_auto,event_forge_rewardPoolID,weapon_box_class_auto
forge_class_auto,event_forge_priceID_1,weaponbox_only_one_class_forge_1
forge_class_auto,event_forge_priceID_2,weaponbox_only_one_class_forge_2
forge_class_auto,event_forge_priceID_x10,weaponbox_only_one_class_forge_x10
forge_class_auto,event_forge_cardAsset,class_auto
forge_class_spread,event_forge_rewardPoolID,weapon_box_class_spread
forge_class_spread,event_forge_priceID_1,weaponbox_only_one_class_forge_1
forge_class_spread,event_forge_priceID_2,weaponbox_only_one_class_forge_2
forge_class_spread,event_forge_priceID_x10,weaponbox_only_one_class_forge_x10
forge_class_spread,event_forge_cardAsset,class_spread
forge_class_prec,event_forge_rewardPoolID,weapon_box_class_prec
forge_class_prec,event_forge_priceID_1,weaponbox_only_one_class_forge_1
forge_class_prec,event_forge_priceID_2,weaponbox_only_one_class_forge_2
forge_class_prec,event_forge_priceID_x10,weaponbox_only_one_class_forge_x10
forge_class_prec,event_forge_cardAsset,class_prec
forge_class_expl,event_forge_rewardPoolID,weapon_box_class_expl
forge_class_expl,event_forge_priceID_1,weaponbox_only_one_class_forge_1
forge_class_expl,event_forge_priceID_2,weaponbox_only_one_class_forge_2
forge_class_expl,event_forge_priceID_x10,weaponbox_only_one_class_forge_x10
forge_class_expl,event_forge_cardAsset,class_expl
forge_class_elem,event_forge_rewardPoolID,weapon_box_class_elem
forge_class_elem,event_forge_priceID_1,weaponbox_only_one_class_forge_1
forge_class_elem,event_forge_priceID_2,weaponbox_only_one_class_forge_2
forge_class_elem,event_forge_priceID_x10,weaponbox_only_one_class_forge_x10
forge_class_elem,event_forge_cardAsset,class_elem
forge_NFT_arsenalx,event_forge_rewardPoolID,weapon_box_NFT_ArsenalX
forge_NFT_arsenalx,event_forge_priceID_1,weaponboxNFTArsenalX_forge
forge_NFT_arsenalx,event_forge_priceID_2,weaponboxNFTArsenalX_forge
forge_NFT_arsenalx,event_forge_cardAsset,nft_arsenalx
forge_NFT_arsenalx,event_forge_guaranteeOpenCount,10
forge_NFT_arsenalx,event_forge_guaranteedRewardPoolID,weapon_box_NFT_ArsenalX_guarantee
forge_NFT_mythical,event_forge_rewardPoolID,weapon_box_NFT_Mythical
forge_NFT_mythical,event_forge_priceID_1,weaponboxNFTMythical_forge
forge_NFT_mythical,event_forge_priceID_2,weaponboxNFTMythical_forge
forge_NFT_mythical,event_forge_cardAsset,nft_mythical
forge_NFT_mythical,event_forge_guaranteeOpenCount,10
forge_NFT_mythical,event_forge_guaranteedRewardPoolID,weapon_box_NFT_Mythical_guarantee
forge_NFT_mythical_test2,event_forge_rewardPoolID,weapon_box_NFT_Mythical_test2
forge_NFT_mythical_test2,event_forge_priceID_1,weaponboxNFTMythical_forge
forge_NFT_mythical_test2,event_forge_priceID_2,weaponboxNFTMythical_forge
forge_NFT_mythical_test2,event_forge_cardAsset,nft_mythical
forge_NFT_mythical_test2,event_forge_guaranteeOpenCount,10
forge_NFT_mythical_test2,event_forge_guaranteedRewardPoolID,weapon_box_NFT_Mythical_test2_guarantee
borrowing_normal,event_borrowing_price,borrowing_normal1
borrowing_normal,event_borrowing_price2,borrowing_normal2
borrowing_normal,event_borrowing_price3,borrowing_normal3
borrowing_normal,event_borrowing_dailyLimit,5
borrowing_normal,event_borrowing_minNFTLevel,1
borrowing_normal,event_borrowing_maxNFTLevel,20
borrowing_normal,event_borrowing_minNFTRarity,Bronze
borrowing_normal,event_borrowing_maxNFTRarity,Legendary
borrowing_epic,event_borrowing_price,borrowing_epic1
borrowing_epic,event_borrowing_price2,borrowing_epic2
borrowing_epic,event_borrowing_price3,borrowing_epic3
borrowing_epic,event_borrowing_price4,borrowing_epic4
borrowing_epic,event_borrowing_price5,borrowing_epic5
borrowing_epic,event_borrowing_dailyLimit,5
borrowing_epic,event_borrowing_minNFTLevel,10
borrowing_epic,event_borrowing_maxNFTLevel,20
borrowing_epic,event_borrowing_minNFTRarity,Epic
borrowing_epic,event_borrowing_maxNFTRarity,Legendary
missions_playweapon,randomSetupID,missionEvent_recurring_playweapon_dragonbreath
missions_playweapon,randomSetupID,missionEvent_recurring_playweapon_shotgun
missions_playweapon,randomSetupID,missionEvent_recurring_playweapon_assaultgun
missions_playweapon,randomSetupID,missionEvent_recurring_playweapon_railgun
missions_playweapon,randomSetupID,missionEvent_recurring_playweapon_mortargun
missions_playweapon,randomSetupID,missionEvent_recurring_playweapon_teslagun
missionEvent_recurring_playweapon_dragonbreath,event_missions_missionCategory,missionEvent_recurring_playweapon_dragonbreath
missionEvent_recurring_playweapon_dragonbreath,event_missions_finalRewardPoolID,missionEvent_recurring_playweapon_dragonbreath
missionEvent_recurring_playweapon_shotgun,event_missions_missionCategory,missionEvent_recurring_playweapon_shotgun
missionEvent_recurring_playweapon_shotgun,event_missions_finalRewardPoolID,missionEvent_recurring_playweapon
missionEvent_recurring_playweapon_assaultgun,event_missions_missionCategory,missionEvent_recurring_playweapon_assaultgun
missionEvent_recurring_playweapon_assaultgun,event_missions_finalRewardPoolID,missionEvent_recurring_playweapon
missionEvent_recurring_playweapon_railgun,event_missions_missionCategory,missionEvent_recurring_playweapon_railgun
missionEvent_recurring_playweapon_railgun,event_missions_finalRewardPoolID,missionEvent_recurring_playweapon
missionEvent_recurring_playweapon_mortargun,event_missions_missionCategory,missionEvent_recurring_playweapon_mortargun
missionEvent_recurring_playweapon_mortargun,event_missions_finalRewardPoolID,missionEvent_recurring_playweapon
missionEvent_recurring_playweapon_teslagun,event_missions_missionCategory,missionEvent_recurring_playweapon_teslagun
missionEvent_recurring_playweapon_teslagun,event_missions_finalRewardPoolID,missionEvent_recurring_playweapon
dailyvideo,randomSetupID,dailyvideo_1
dailyvideo,randomSetupID,dailyvideo_2
dailyvideo,randomSetupID,dailyvideo_3
dailyvideo_1,event_dailyvideo_rewardPoolID,1
dailyvideo_2,event_dailyvideo_rewardPoolID,2
dailyvideo_3,event_dailyvideo_rewardPoolID,3
dailylogin_newUser,event_dailylogin_rewardPoolID,new_user
dailylogin_recurring_1,event_dailylogin_rewardPoolID,recurring_1
dailylogin_recurring_1,event_dailylogin_paidTierPricePoolID,dailylogin_recurring_boxes
dailylogin_recurring_2,event_dailylogin_rewardPoolID,recurring_2
dailylogin_recurring_2,event_dailylogin_paidTierPricePoolID,dailylogin_recurring_boxes
dailylogin_recurring_3,event_dailylogin_rewardPoolID,recurring_3
dailylogin_recurring_3,event_dailylogin_paidTierPricePoolID,dailylogin_recurring_gems
dailylogin_recurring_4,event_dailylogin_rewardPoolID,recurring_4
dailylogin_recurring_4,event_dailylogin_paidTierPricePoolID,dailylogin_recurring_gems
challenge_event_TDM,event_challengeGameModeID,2
challenge_event_TDM,event_challengeRewardPoolID,1
challenge_event_TDM,event_challengeMaxLosses,3
challenge_event_HS,event_challengeGameModeID,16
challenge_event_HS,event_challengeRewardPoolID,1
challenge_event_HS,event_challengeMaxLosses,3
upgrade_cost_discount_20,event_upgradecost_discount_rate,20
upgrade_cost_discount_25,event_upgradecost_discount_rate,25
upgrade_cost_discount_30,event_upgradecost_discount_rate,30
dailylogin_halloween_2023,event_dailylogin_rewardPoolID,halloween_2023
dailylogin_halloween_2023,event_dailylogin_paidTierPricePoolID,dailylogin_halloween_2023
dailylogin_halloween_2023,event_specialCalendarEventType,halloween
missionEvent_newUser,event_missions_missionCategory,NewUserMissionEvent
missionEvent_newUser,event_missions_finalRewardPoolID,missionEvent_newUser_finalReward
missionEvent_missionTest,event_missions_missionCategory,MissionTest
missionEvent_missionTest,event_missions_finalRewardPoolID,missionEvent_newUser_finalReward
breeding_unlock_apes,event_breeding_unlock_for_race,Ape
liveEvent_dragonNewYear,event_specialCalendarEventType,dragonNewYear
bp_dragonNewYear,event_battlepass_isPreSeason,FALSE
bp_dragonNewYear,event_battlepass_tierSkipPriceID,
bp_dragonNewYear,event_battlepass_freeRewardClaimNeedsVideo,TRUE
bp_dragonNewYear,event_battlepass_freeRewardClaimNeedsVideoFromRewardIndex,0
bp_dragonNewYear,event_battlepass_isMainEvent,FALSE
bp_dragonNewYear,event_battlepass_purchasePriceID1,battlepass_paid_dragonNewYear
bp_dragonNewYear,event_battlepass_purchasePriceID2,battlepass_paid_dragonNewYear
bp_dragonNewYear,event_battlepass_token_energy_itemID,BattlePassToken_DragonNewYear
bp_dragonNewYear,event_battlepass_token_energy_max,99999
bp_dragonNewYear,event_battlepass_token_energy_paid_max,99999
bp_dragonNewYear,event_battlepass_token_energy_regeneration_hours,0
bp_dragonNewYear,event_battlepass_token_energy_regeneration_amount,0
bp_dragonNewYear,event_battlepass_rewardPoolID,bp_dragonNewYear
bp_dragonNewYear,event_specialCalendarEventType,dragonNewYear
bp_dragonNewYear,event_battlepass_quests_dailymissions_missionCategoryID,battlepass_dragonNewYear_quest_daily
bp_dragonNewYear,event_battlepass_quests_dailymissions_count,3
bp_dragonNewYear,event_battlepass_quests_dailymissions_count_free,3
bp_dragonNewYear,event_battlepass_quests_missionEventID_challenge,battlepass_dragonNewYear_quest_challenge
bp_dragonNewYear,event_battlepass_eventCurrencyItemID,EventCurrency_DragonNewYear
bp_dragonNewYear,event_battlepass_eventCurrencyToShardConversionRate,10
bp_dragonNewYear,event_battlepass_seasonShopCategoryID,battlepass_dragonNewYear
dailylogin_dragonNewYear,event_dailylogin_rewardPoolID,dailylogin_dragonNewYear
dailylogin_dragonNewYear,event_dailylogin_paidTierPricePoolID,dailylogin_dragonNewYear
dailylogin_dragonNewYear,event_specialCalendarEventType,dragonNewYear
missionEvent_dragonNewYear_day1,event_missions_missionCategory,missionEvent_dragonNewYear_day1
missionEvent_dragonNewYear_day1,event_missions_finalRewardPoolID,missionEvent_dragonNewYear_finalReward
missionEvent_dragonNewYear_day2,event_missions_missionCategory,missionEvent_dragonNewYear_day2
missionEvent_dragonNewYear_day2,event_missions_finalRewardPoolID,missionEvent_dragonNewYear_finalReward
missionEvent_dragonNewYear_day3,event_missions_missionCategory,missionEvent_dragonNewYear_day3
missionEvent_dragonNewYear_day3,event_missions_finalRewardPoolID,missionEvent_dragonNewYear_finalReward
missionEvent_dragonNewYear_day4,event_missions_missionCategory,missionEvent_dragonNewYear_day4
missionEvent_dragonNewYear_day4,event_missions_finalRewardPoolID,missionEvent_dragonNewYear_finalReward
missionEvent_dragonNewYear_day5,event_missions_missionCategory,missionEvent_dragonNewYear_day5
missionEvent_dragonNewYear_day5,event_missions_finalRewardPoolID,missionEvent_dragonNewYear_finalReward
missionEvent_dragonNewYear_day6,event_missions_missionCategory,missionEvent_dragonNewYear_day6
missionEvent_dragonNewYear_day6,event_missions_finalRewardPoolID,missionEvent_dragonNewYear_finalReward
missionEvent_dragonNewYear_day7,event_missions_missionCategory,missionEvent_dragonNewYear_day7
missionEvent_dragonNewYear_day7,event_missions_finalRewardPoolID,missionEvent_dragonNewYear_finalReward
missionEvent_dragonNewYear_day8,event_missions_missionCategory,missionEvent_dragonNewYear_day8
missionEvent_dragonNewYear_day8,event_missions_finalRewardPoolID,missionEvent_dragonNewYear_finalReward
missionEvent_dragonNewYear_day9,event_missions_missionCategory,missionEvent_dragonNewYear_day9
missionEvent_dragonNewYear_day9,event_missions_finalRewardPoolID,missionEvent_dragonNewYear_finalReward
missionEvent_dragonNewYear_day10,event_missions_missionCategory,missionEvent_dragonNewYear_day10
missionEvent_dragonNewYear_day10,event_missions_finalRewardPoolID,missionEvent_dragonNewYear_finalReward
bp_ragnarok,event_battlepass_isPreSeason,FALSE
bp_ragnarok,event_battlepass_tierSkipPriceID,
bp_ragnarok,event_battlepass_freeRewardClaimNeedsVideo,TRUE
bp_ragnarok,event_battlepass_freeRewardClaimNeedsVideoFromRewardIndex,0
bp_ragnarok,event_battlepass_isMainEvent,FALSE
bp_ragnarok,event_battlepass_purchasePriceID1,
bp_ragnarok,event_battlepass_purchasePriceID2,
bp_ragnarok,event_battlepass_token_energy_itemID,BattlePassToken_Ragnarok
bp_ragnarok,event_battlepass_token_energy_max,99999
bp_ragnarok,event_battlepass_token_energy_paid_max,99999
bp_ragnarok,event_battlepass_token_energy_regeneration_hours,0
bp_ragnarok,event_battlepass_token_energy_regeneration_amount,0
bp_ragnarok,event_battlepass_rewardPoolID,bp_ragnarok
bp_ragnarok,event_specialCalendarEventType,ragnarok
bp_ragnarok,event_battlepass_quests_dailymissions_missionCategoryID,
bp_ragnarok,event_battlepass_quests_dailymissions_count,3
bp_ragnarok,event_battlepass_quests_dailymissions_count_free,3
bp_ragnarok,event_battlepass_quests_missionEventID_challenge,battlepass_dragonNewYear_quest_challenge
bp_ragnarok,event_battlepass_eventCurrencyItemID,
bp_ragnarok,event_battlepass_eventCurrencyToShardConversionRate,10
bp_ragnarok,event_battlepass_seasonShopCategoryID,battlepass_ragnarok
bp_ragnarok,event_battlepass_isSingleTier,TRUE
dailylogin_ragnarok,event_dailylogin_rewardPoolID,dailylogin_ragnarok
dailylogin_ragnarok,event_dailylogin_paidTierPricePoolID,dailylogin_ragnarok
dailylogin_ragnarok,event_specialCalendarEventType,ragnarok
missionEvent_ragnarok_day1,event_missions_missionCategory,missionEvent_ragnarok_day1
missionEvent_ragnarok_day1,event_missions_finalRewardPoolID,missionEvent_ragnarok_finalReward
missionEvent_ragnarok_day2,event_missions_missionCategory,missionEvent_ragnarok_day2
missionEvent_ragnarok_day2,event_missions_finalRewardPoolID,missionEvent_ragnarok_finalReward
missionEvent_ragnarok_day3,event_missions_missionCategory,missionEvent_ragnarok_day3
missionEvent_ragnarok_day3,event_missions_finalRewardPoolID,missionEvent_ragnarok_finalReward
missionEvent_ragnarok_day4,event_missions_missionCategory,missionEvent_ragnarok_day4
missionEvent_ragnarok_day4,event_missions_finalRewardPoolID,missionEvent_ragnarok_finalReward
missionEvent_ragnarok_day5,event_missions_missionCategory,missionEvent_ragnarok_day5
missionEvent_ragnarok_day5,event_missions_finalRewardPoolID,missionEvent_ragnarok_finalReward
missionEvent_ragnarok_day6,event_missions_missionCategory,missionEvent_ragnarok_day6
missionEvent_ragnarok_day6,event_missions_finalRewardPoolID,missionEvent_ragnarok_finalReward
missionEvent_ragnarok_day7,event_missions_missionCategory,missionEvent_ragnarok_day7
missionEvent_ragnarok_day7,event_missions_finalRewardPoolID,missionEvent_ragnarok_finalReward
missionEvent_ragnarok_day8,event_missions_missionCategory,missionEvent_ragnarok_day8
missionEvent_ragnarok_day8,event_missions_finalRewardPoolID,missionEvent_ragnarok_finalReward
missionEvent_ragnarok_day9,event_missions_missionCategory,missionEvent_ragnarok_day9
missionEvent_ragnarok_day9,event_missions_finalRewardPoolID,missionEvent_ragnarok_finalReward
missionEvent_ragnarok_day10,event_missions_missionCategory,missionEvent_ragnarok_day10
missionEvent_ragnarok_day10,event_missions_finalRewardPoolID,missionEvent_ragnarok_finalReward
bp_hellfire,event_battlepass_isPreSeason,FALSE
bp_hellfire,event_battlepass_tierSkipPriceID,
bp_hellfire,event_battlepass_freeRewardClaimNeedsVideo,TRUE
bp_hellfire,event_battlepass_freeRewardClaimNeedsVideoFromRewardIndex,0
bp_hellfire,event_battlepass_isMainEvent,FALSE
bp_hellfire,event_battlepass_purchasePriceID1,
bp_hellfire,event_battlepass_purchasePriceID2,
bp_hellfire,event_battlepass_token_energy_itemID,BattlePassToken_Hellfire
bp_hellfire,event_battlepass_token_energy_max,99999
bp_hellfire,event_battlepass_token_energy_paid_max,99999
bp_hellfire,event_battlepass_token_energy_regeneration_hours,0
bp_hellfire,event_battlepass_token_energy_regeneration_amount,0
bp_hellfire,event_battlepass_rewardPoolID,bp_hellfire
bp_hellfire,event_specialCalendarEventType,hellfire
bp_hellfire,event_battlepass_quests_dailymissions_missionCategoryID,
bp_hellfire,event_battlepass_quests_dailymissions_count,3
bp_hellfire,event_battlepass_quests_dailymissions_count_free,3
bp_hellfire,event_battlepass_quests_missionEventID_challenge,battlepass_dragonNewYear_quest_challenge
bp_hellfire,event_battlepass_eventCurrencyItemID,
bp_hellfire,event_battlepass_eventCurrencyToShardConversionRate,10
bp_hellfire,event_battlepass_seasonShopCategoryID,battlepass_hellfire
bp_hellfire,event_battlepass_isSingleTier,TRUE
dailylogin_hellfire,event_dailylogin_rewardPoolID,dailylogin_hellfire
dailylogin_hellfire,event_dailylogin_paidTierPricePoolID,dailylogin_hellfire
dailylogin_hellfire,event_specialCalendarEventType,hellfire
missionEvent_hellfire_day1,event_missions_missionCategory,missionEvent_hellfire_day1
missionEvent_hellfire_day1,event_missions_finalRewardPoolID,missionEvent_hellfire_finalReward
missionEvent_hellfire_day2,event_missions_missionCategory,missionEvent_hellfire_day2
missionEvent_hellfire_day2,event_missions_finalRewardPoolID,missionEvent_hellfire_finalReward
missionEvent_hellfire_day3,event_missions_missionCategory,missionEvent_hellfire_day3
missionEvent_hellfire_day3,event_missions_finalRewardPoolID,missionEvent_hellfire_finalReward
missionEvent_hellfire_day4,event_missions_missionCategory,missionEvent_hellfire_day4
missionEvent_hellfire_day4,event_missions_finalRewardPoolID,missionEvent_hellfire_finalReward
missionEvent_hellfire_day5,event_missions_missionCategory,missionEvent_hellfire_day5
missionEvent_hellfire_day5,event_missions_finalRewardPoolID,missionEvent_hellfire_finalReward
missionEvent_hellfire_day6,event_missions_missionCategory,missionEvent_hellfire_day6
missionEvent_hellfire_day6,event_missions_finalRewardPoolID,missionEvent_hellfire_finalReward
missionEvent_hellfire_day7,event_missions_missionCategory,missionEvent_hellfire_day7
missionEvent_hellfire_day7,event_missions_finalRewardPoolID,missionEvent_hellfire_finalReward
missionEvent_hellfire_day8,event_missions_missionCategory,missionEvent_hellfire_day8
missionEvent_hellfire_day8,event_missions_finalRewardPoolID,missionEvent_hellfire_finalReward
missionEvent_hellfire_day9,event_missions_missionCategory,missionEvent_hellfire_day9
missionEvent_hellfire_day9,event_missions_finalRewardPoolID,missionEvent_hellfire_finalReward
missionEvent_hellfire_day10,event_missions_missionCategory,missionEvent_hellfire_day10
missionEvent_hellfire_day10,event_missions_finalRewardPoolID,missionEvent_hellfire_finalReward
bp_galactic,event_battlepass_isPreSeason,FALSE
bp_galactic,event_battlepass_tierSkipPriceID,
bp_galactic,event_battlepass_freeRewardClaimNeedsVideo,TRUE
bp_galactic,event_battlepass_freeRewardClaimNeedsVideoFromRewardIndex,0
bp_galactic,event_battlepass_isMainEvent,FALSE
bp_galactic,event_battlepass_purchasePriceID1,
bp_galactic,event_battlepass_purchasePriceID2,
bp_galactic,event_battlepass_token_energy_itemID,BattlePassToken_Galactic
bp_galactic,event_battlepass_token_energy_max,99999
bp_galactic,event_battlepass_token_energy_paid_max,99999
bp_galactic,event_battlepass_token_energy_regeneration_hours,0
bp_galactic,event_battlepass_token_energy_regeneration_amount,0
bp_galactic,event_battlepass_rewardPoolID,bp_galactic
bp_galactic,event_specialCalendarEventType,galactic
bp_galactic,event_battlepass_quests_dailymissions_missionCategoryID,
bp_galactic,event_battlepass_quests_dailymissions_count,3
bp_galactic,event_battlepass_quests_dailymissions_count_free,3
bp_galactic,event_battlepass_quests_missionEventID_challenge,battlepass_dragonNewYear_quest_challenge
bp_galactic,event_battlepass_eventCurrencyItemID,
bp_galactic,event_battlepass_eventCurrencyToShardConversionRate,10
bp_galactic,event_battlepass_seasonShopCategoryID,battlepass_galactic
bp_galactic,event_battlepass_isSingleTier,TRUE
dailylogin_galactic,event_dailylogin_rewardPoolID,dailylogin_galactic
dailylogin_galactic,event_dailylogin_paidTierPricePoolID,dailylogin_galactic
dailylogin_galactic,event_specialCalendarEventType,galactic
missionEvent_galactic_day1,event_missions_missionCategory,missionEvent_galactic_day1
missionEvent_galactic_day1,event_missions_finalRewardPoolID,missionEvent_galactic_finalReward
missionEvent_galactic_day2,event_missions_missionCategory,missionEvent_galactic_day2
missionEvent_galactic_day2,event_missions_finalRewardPoolID,missionEvent_galactic_finalReward
missionEvent_galactic_day3,event_missions_missionCategory,missionEvent_galactic_day3
missionEvent_galactic_day3,event_missions_finalRewardPoolID,missionEvent_galactic_finalReward
missionEvent_galactic_day4,event_missions_missionCategory,missionEvent_galactic_day4
missionEvent_galactic_day4,event_missions_finalRewardPoolID,missionEvent_galactic_finalReward
missionEvent_galactic_day5,event_missions_missionCategory,missionEvent_galactic_day5
missionEvent_galactic_day5,event_missions_finalRewardPoolID,missionEvent_galactic_finalReward
missionEvent_galactic_day6,event_missions_missionCategory,missionEvent_galactic_day6
missionEvent_galactic_day6,event_missions_finalRewardPoolID,missionEvent_galactic_finalReward
missionEvent_galactic_day7,event_missions_missionCategory,missionEvent_galactic_day7
missionEvent_galactic_day7,event_missions_finalRewardPoolID,missionEvent_galactic_finalReward
missionEvent_galactic_day8,event_missions_missionCategory,missionEvent_galactic_day8
missionEvent_galactic_day8,event_missions_finalRewardPoolID,missionEvent_galactic_finalReward
missionEvent_galactic_day9,event_missions_missionCategory,missionEvent_galactic_day9
missionEvent_galactic_day9,event_missions_finalRewardPoolID,missionEvent_galactic_finalReward
missionEvent_galactic_day10,event_missions_missionCategory,missionEvent_galactic_day10
missionEvent_galactic_day10,event_missions_finalRewardPoolID,missionEvent_galactic_finalReward
bp_s05,embeddedSetupID,emb_battlepass_season_base2
bp_s05,event_battlepass_rewardPoolID,bp_s05
bp_s05,event_battlepass_bonusRewardID,CantinaBox_BattlePass_Bonus_Season5
bp_s05,event_battlepass_bonusRewardTokenRequired,500
bp_s05,event_battlepass_quests_dailymissions_missionCategoryID,battlepass_s05_quest_daily
bp_s05,event_battlepass_quests_dailymissions_count,5
bp_s05,event_battlepass_quests_dailymissions_count_free,3
bp_s05,event_battlepass_quests_missionEventID_weekly_1,2009_weekly_1
bp_s05,event_battlepass_quests_missionEventID_weekly_2,2009_weekly_2
bp_s05,event_battlepass_quests_missionEventID_weekly_3,2009_weekly_3
bp_s05,event_battlepass_quests_missionEventID_weekly_4,2009_weekly_4
bp_s05,event_battlepass_quests_missionEventID_weekly_5,2009_weekly_5
bp_s05,event_battlepass_quests_missionEventID_weekly_6,2009_weekly_6
bp_s05,event_battlepass_quests_missionEventID_featured,2009_featured
bp_s05,event_battlepass_quests_missionEventID_challenge,2009_challenge
bp_s05,event_battlepass_eventCurrencyItemID,BattlePassToken
bp_s05,event_battlepass_seasonShopCategoryID,battlepass_s05
bp_s05,event_battlepass_isMainEvent,TRUE
bp_s05_missionEvent_weekly_1,event_missions_missionCategory,battlepass_s05_quest_weekly_1
bp_s05_missionEvent_weekly_2,event_missions_missionCategory,battlepass_s05_quest_weekly_2
bp_s05_missionEvent_weekly_3,event_missions_missionCategory,battlepass_s05_quest_weekly_3
bp_s05_missionEvent_weekly_4,event_missions_missionCategory,battlepass_s05_quest_weekly_4
bp_s05_missionEvent_weekly_5,event_missions_missionCategory,battlepass_s05_quest_weekly_5
bp_s05_missionEvent_weekly_6,event_missions_missionCategory,battlepass_s05_quest_weekly_6
bp_s05_missionEvent_featured,event_missions_missionCategory,battlepass_s05_quest_featured
bp_s05_missionEvent_featured,event_missions_finalRewardPoolID,battlepass_s05_quest_featured_finalReward
bp_s05_missionEvent_challenge,event_missions_missionCategory,battlepass_s05_quest_challenge
bp_s05_missionEvent_challenge,event_missions_finalRewardPoolID,battlepass_s05_quest_challenge_finalReward
bp_s06,embeddedSetupID,emb_battlepass_season_base2
bp_s06,event_battlepass_rewardPoolID,bp_s06
bp_s06,event_battlepass_bonusRewardID,CantinaBox_BattlePass_Bonus_Season6
bp_s06,event_battlepass_bonusRewardTokenRequired,500
bp_s06,event_battlepass_quests_dailymissions_missionCategoryID,battlepass_s05_quest_daily
bp_s06,event_battlepass_quests_dailymissions_count,5
bp_s06,event_battlepass_quests_dailymissions_count_free,2
bp_s06,event_battlepass_quests_missionEventID_weekly_1,2010_weekly_1
bp_s06,event_battlepass_quests_missionEventID_weekly_2,2010_weekly_2
bp_s06,event_battlepass_quests_missionEventID_weekly_3,2010_weekly_3
bp_s06,event_battlepass_quests_missionEventID_weekly_4,2010_weekly_4
bp_s06,event_battlepass_quests_missionEventID_weekly_5,2010_weekly_5
bp_s06,event_battlepass_quests_missionEventID_weekly_6,2010_weekly_6
bp_s06,event_battlepass_quests_missionEventID_featured,2010_featured
bp_s06,event_battlepass_quests_missionEventID_challenge,2010_challenge
bp_s06,event_battlepass_eventCurrencyItemID,BattlePassToken
bp_s06,event_battlepass_seasonShopCategoryID,battlepass_s06
bp_s06,event_battlepass_isMainEvent,TRUE
bp_s06_missionEvent_weekly_1,event_missions_missionCategory,battlepass_s06_quest_weekly_1
bp_s06_missionEvent_weekly_2,event_missions_missionCategory,battlepass_s06_quest_weekly_2
bp_s06_missionEvent_weekly_3,event_missions_missionCategory,battlepass_s06_quest_weekly_3
bp_s06_missionEvent_weekly_4,event_missions_missionCategory,battlepass_s06_quest_weekly_4
bp_s06_missionEvent_weekly_5,event_missions_missionCategory,battlepass_s06_quest_weekly_5
bp_s06_missionEvent_weekly_6,event_missions_missionCategory,battlepass_s06_quest_weekly_6
bp_s06_missionEvent_featured,event_missions_missionCategory,battlepass_s06_quest_featured
bp_s06_missionEvent_featured,event_missions_finalRewardPoolID,battlepass_s06_quest_featured_finalReward
bp_s06_missionEvent_challenge,event_missions_missionCategory,battlepass_s06_quest_challenge
bp_s06_missionEvent_challenge,event_missions_finalRewardPoolID,battlepass_s06_quest_challenge_finalReward
bp_s07,embeddedSetupID,emb_battlepass_season_baseSingleTier
bp_s07,event_battlepass_rewardPoolID,battlepass_07_tier
bp_s07,event_battlepass_bonusRewardID,CantinaBox_BattlePass_Bonus_Season7
bp_s07,event_battlepass_bonusRewardTokenRequired,500
bp_s07,event_battlepass_quests_dailymissions_missionCategoryID,battlepass_s05_quest_daily
bp_s07,event_battlepass_quests_dailymissions_count,5
bp_s07,event_battlepass_quests_dailymissions_count_free,2
bp_s07,event_battlepass_quests_missionEventID_weekly_1,2011_weekly_1
bp_s07,event_battlepass_quests_missionEventID_weekly_2,2011_weekly_2
bp_s07,event_battlepass_quests_missionEventID_weekly_3,2011_weekly_3
bp_s07,event_battlepass_quests_missionEventID_weekly_4,2011_weekly_4
bp_s07,event_battlepass_quests_missionEventID_weekly_5,2011_weekly_5
bp_s07,event_battlepass_quests_missionEventID_weekly_6,2011_weekly_6
bp_s07,event_battlepass_quests_missionEventID_featured,2011_featured
bp_s07,event_battlepass_quests_missionEventID_challenge,2011_challenge
bp_s07,event_battlepass_eventCurrencyItemID,BattlePassToken
bp_s07,event_battlepass_seasonShopCategoryID,battlepass_s07
bp_s07,event_battlepass_isMainEvent,TRUE
bp_s07,event_battlepass_isSingleTier,TRUE
bp_s07_missionEvent_weekly_1,event_missions_missionCategory,battlepass_s07_quest_weekly_1
bp_s07_missionEvent_weekly_2,event_missions_missionCategory,battlepass_s07_quest_weekly_2
bp_s07_missionEvent_weekly_3,event_missions_missionCategory,battlepass_s07_quest_weekly_3
bp_s07_missionEvent_weekly_4,event_missions_missionCategory,battlepass_s07_quest_weekly_4
bp_s07_missionEvent_weekly_5,event_missions_missionCategory,battlepass_s07_quest_weekly_5
bp_s07_missionEvent_weekly_6,event_missions_missionCategory,battlepass_s07_quest_weekly_6
bp_s07_missionEvent_featured,event_missions_missionCategory,battlepass_s07_quest_featured
bp_s07_missionEvent_featured,event_missions_finalRewardPoolID,battlepass_s07_quest_featured_finalReward
bp_s07_missionEvent_challenge,event_missions_missionCategory,battlepass_s07_quest_challenge
bp_s07_missionEvent_challenge,event_missions_finalRewardPoolID,battlepass_s07_quest_challenge_finalReward
bp_s08,embeddedSetupID,emb_battlepass_season_baseSingleTier
bp_s08,event_battlepass_rewardPoolID,battlepass_08_tier
bp_s08,event_battlepass_bonusRewardID,CantinaBox_BattlePass_Bonus_Season8
bp_s08,event_battlepass_bonusRewardTokenRequired,500
bp_s08,event_battlepass_quests_dailymissions_missionCategoryID,battlepass_s05_quest_daily
bp_s08,event_battlepass_quests_dailymissions_count,5
bp_s08,event_battlepass_quests_dailymissions_count_free,2
bp_s08,event_battlepass_quests_missionEventID_weekly_1,2012_weekly_1
bp_s08,event_battlepass_quests_missionEventID_weekly_2,2012_weekly_2
bp_s08,event_battlepass_quests_missionEventID_weekly_3,2012_weekly_3
bp_s08,event_battlepass_quests_missionEventID_weekly_4,2012_weekly_4
bp_s08,event_battlepass_quests_missionEventID_weekly_5,2012_weekly_5
bp_s08,event_battlepass_quests_missionEventID_weekly_6,2012_weekly_6
bp_s08,event_battlepass_quests_missionEventID_featured,2012_featured
bp_s08,event_battlepass_quests_missionEventID_challenge,2012_challenge
bp_s08,event_battlepass_eventCurrencyItemID,BattlePassToken
bp_s08,event_battlepass_seasonShopCategoryID,battlepass_s08
bp_s08,event_battlepass_isMainEvent,TRUE
bp_s08,event_battlepass_isSingleTier,TRUE
bp_s08_missionEvent_weekly_1,event_missions_missionCategory,battlepass_s08_quest_weekly_1
bp_s08_missionEvent_weekly_2,event_missions_missionCategory,battlepass_s08_quest_weekly_2
bp_s08_missionEvent_weekly_3,event_missions_missionCategory,battlepass_s08_quest_weekly_3
bp_s08_missionEvent_weekly_4,event_missions_missionCategory,battlepass_s08_quest_weekly_4
bp_s08_missionEvent_weekly_5,event_missions_missionCategory,battlepass_s08_quest_weekly_5
bp_s08_missionEvent_weekly_6,event_missions_missionCategory,battlepass_s08_quest_weekly_6
bp_s08_missionEvent_featured,event_missions_missionCategory,battlepass_s08_quest_featured
bp_s08_missionEvent_featured,event_missions_finalRewardPoolID,battlepass_s08_quest_featured_finalReward
bp_s08_missionEvent_challenge,event_missions_missionCategory,battlepass_s08_quest_challenge
bp_s08_missionEvent_challenge,event_missions_finalRewardPoolID,battlepass_s08_quest_challenge_finalReward
bp_s09,embeddedSetupID,emb_battlepass_season_baseSingleTier
bp_s09,event_battlepass_rewardPoolID,battlepass_09_tier
bp_s09,event_battlepass_bonusRewardID,CantinaBox_BattlePass_Bonus_Season9
bp_s09,event_battlepass_bonusRewardTokenRequired,500
bp_s09,event_battlepass_quests_dailymissions_missionCategoryID,battlepass_s05_quest_daily
bp_s09,event_battlepass_quests_dailymissions_count,5
bp_s09,event_battlepass_quests_dailymissions_count_free,2
bp_s09,event_battlepass_quests_missionEventID_weekly_1,2013_weekly_1
bp_s09,event_battlepass_quests_missionEventID_weekly_2,2013_weekly_2
bp_s09,event_battlepass_quests_missionEventID_weekly_3,2013_weekly_3
bp_s09,event_battlepass_quests_missionEventID_weekly_4,2013_weekly_4
bp_s09,event_battlepass_quests_missionEventID_weekly_5,2013_weekly_5
bp_s09,event_battlepass_quests_missionEventID_weekly_6,2013_weekly_6
bp_s09,event_battlepass_quests_missionEventID_featured,2013_featured
bp_s09,event_battlepass_quests_missionEventID_challenge,2013_challenge
bp_s09,event_battlepass_eventCurrencyItemID,BattlePassToken
bp_s09,event_battlepass_seasonShopCategoryID,battlepass_s09
bp_s09,event_battlepass_isMainEvent,TRUE
bp_s09,event_battlepass_isSingleTier,TRUE
bp_s09_missionEvent_weekly_1,event_missions_missionCategory,battlepass_s09_quest_weekly_1
bp_s09_missionEvent_weekly_2,event_missions_missionCategory,battlepass_s09_quest_weekly_2
bp_s09_missionEvent_weekly_3,event_missions_missionCategory,battlepass_s09_quest_weekly_3
bp_s09_missionEvent_weekly_4,event_missions_missionCategory,battlepass_s09_quest_weekly_4
bp_s09_missionEvent_weekly_5,event_missions_missionCategory,battlepass_s09_quest_weekly_5
bp_s09_missionEvent_weekly_6,event_missions_missionCategory,battlepass_s09_quest_weekly_6
bp_s09_missionEvent_featured,event_missions_missionCategory,battlepass_s09_quest_featured
bp_s09_missionEvent_featured,event_missions_finalRewardPoolID,battlepass_s09_quest_featured_finalReward
bp_s09_missionEvent_challenge,event_missions_missionCategory,battlepass_s09_quest_challenge
bp_s09_missionEvent_challenge,event_missions_finalRewardPoolID,battlepass_s09_quest_challenge_finalReward
