StatID,Category,StackingType,ValueType,ValueFormatID,NameID,DescID
weapon_class,Weapon,set,val,Stat_Format_weapon_class,Stat_weapon_class_Name,
weapon_damageType,Weapon,set,val,Stat_Format_Default,Stat_weapon_damageType_Name,
weapon_damage,Weapon,add,val,Stat_Format_Default,Stat_weapon_damage_Name,
weapon_cooldownAfterLastBullet,Weapon,add,val,Stat_Format_Default,Stat_weapon_cooldownAfterLastBullet_Name,
weapon_reloadTime,Weapon,add,val,Stat_Format_Second,Stat_weapon_reloadTime_Name,
weapon_ammo,Weapon,set,val,Stat_Format_Default,Stat_weapon_ammo_Name,
weapon_isAutomatic,Weapon,set,val,Stat_Format_Default,Stat_weapon_isAutomatic_Name,
weapon_projectiles_per_shot,Weapon,add,val,Stat_Format_Default,Stat_weapon_projectiles_per_shot_Name,
weapon_projectile_spread_angle,Weapon,add,val,Stat_Format_Default,Stat_weapon_projectile_spread_angle_Name,
weapon_projectile_spread_width,Weapon,add,val,Stat_Format_Default,Stat_weapon_projectile_spread_width_Name,
weapon_projectile_shoot_in_sequence,Weapon,set,val,Stat_Format_Default,Stat_weapon_projectile_shoot_in_sequence_Name,
weapon_projectile_shoot_in_sequence_fireRateSec,Weapon,set,val,Stat_Format_Default,Stat_weapon_projectile_shoot_in_sequence_fireRateSec_Name,
weapon_deviation_min,Weapon,set,val,Stat_Format_Default,Stat_weapon_deviation_min_Name,
weapon_deviation_max,Weapon,set,val,Stat_Format_Default,Stat_weapon_deviation_max_Name,
weapon_deviation_increasePerShot,Weapon,set,val,Stat_Format_Default,Stat_weapon_deviation_increasePerShot_Name,
weapon_deviation_recoveryDelay,Weapon,set,val,Stat_Format_Default,Stat_weapon_deviation_recoveryDelay_Name,
weapon_deviation_recoveryMultiplier,Weapon,set,val,Stat_Format_Default,Stat_weapon_deviation_recoveryMultiplier_Name,
weapon_deviation_deployTime,Weapon,add,val,Stat_Format_Second,Stat_weapon_deviation_deployTime_Name,
weapon_projectile_speed,Weapon,add,val,Stat_Format_Default,Stat_weapon_projectile_speed_Name,
weapon_projectile_speed_at_max_range,Weapon,add,val,Stat_Format_Default,Stat_weapon_projectile_speed_at_max_range_Name,
weapon_projectile_speed_backward,Weapon,add,val,Stat_Format_Default,Stat_weapon_projectile_speed_backward_Name,
weapon_projectile_hold_time,Weapon,add,val,Stat_Format_Default,Stat_weapon_projectile_hold_time_Name,
weapon_projectile_lifetime,Weapon,add,val,Stat_Format_Second,Stat_weapon_projectile_lifetime_Name,
weapon_projectile_range,Weapon,add,val,Stat_Format_Distance,Stat_weapon_projectile_range_Name,
weapon_projectile_range_multiplier,Weapon,add,val,Stat_Format_Distance,Stat_weapon_projectile_range_multiplier_Name,
weapon_projectile_range_charge_sec,Weapon,add,val,Stat_Format_Distance,Stat_weapon_projectile_range_charge_sec_Name,
weapon_projectile_pushAmount,Weapon,add,val,Stat_Format_Default,Stat_weapon_projectile_pushAmount_Name,
weapon_projectile_spawn_delay_after_shot,Weapon,add,val,Stat_Format_Default,Stat_weapon_projectile_spawn_delay_after_shot_Name,
weapon_projectile_aoe,Weapon,set,val,Stat_Format_Default,Stat_weapon_projectile_aoe_Name,
weapon_projectile_aoe_radius,Weapon,add,val,Stat_Format_Distance,Stat_weapon_projectile_aoe_radius_Name,
weapon_projectile_aoe_damagePercent,Weapon,add,val,Stat_Format_Percentage,Stat_weapon_projectile_aoe_damagePercent_Name,
weapon_projectile_aoe2,Weapon,set,val,Stat_Format_Percentage,Stat_weapon_projectile_aoe2_Name,
weapon_projectile_aoe2_radius,Weapon,add,val,Stat_Format_Distance,Stat_weapon_projectile_aoe2_radius_Name,
weapon_projectile_aoe2_damagePercent,Weapon,add,val,Stat_Format_Percentage,Stat_weapon_projectile_aoe2_damagePercent_Name,
weapon_projectile_aoe_hasEffectOverTheWall,Weapon,set,val,Stat_Format_Default,Stat_weapon_projectile_aoe_hasEffectOverTheWall_Name,
weapon_damage_at_max_range,Weapon,add,val,Stat_Format_Percentage,Stat_weapon_damage_at_max_range_Name,
weapon_damage_mul_at_max_range,Weapon,add,mul,Stat_Format_Percentage,Stat_weapon_damage_mul_at_max_range_Name,
weapon_damage_mul_from_0percent,Weapon,add,mul,Stat_Format_Percentage,Stat_weapon_damage_mul_from_0percent_Name,
weapon_damage_mul_from_10percent,Weapon,add,mul,Stat_Format_Percentage,Stat_weapon_damage_mul_from_10percent_Name,
weapon_damage_mul_from_20percent,Weapon,add,mul,Stat_Format_Percentage,Stat_weapon_damage_mul_from_20percent_Name,
weapon_damage_mul_from_25percent,Weapon,add,mul,Stat_Format_Percentage,Stat_weapon_damage_mul_from_25percent_Name,
weapon_damage_mul_from_30percent,Weapon,add,mul,Stat_Format_Percentage,Stat_weapon_damage_mul_from_30percent_Name,
weapon_damage_mul_from_40percent,Weapon,add,mul,Stat_Format_Percentage,Stat_weapon_damage_mul_from_40percent_Name,
weapon_damage_mul_from_50percent,Weapon,add,mul,Stat_Format_Percentage,Stat_weapon_damage_mul_from_50percent_Name,
weapon_damage_mul_from_60percent,Weapon,add,mul,Stat_Format_Percentage,Stat_weapon_damage_mul_from_60percent_Name,
weapon_damage_mul_from_70percent,Weapon,add,mul,Stat_Format_Percentage,Stat_weapon_damage_mul_from_70percent_Name,
weapon_damage_mul_from_75percent,Weapon,add,mul,Stat_Format_Percentage,Stat_weapon_damage_mul_from_75percent_Name,
weapon_damage_mul_from_80percent,Weapon,add,mul,Stat_Format_Percentage,Stat_weapon_damage_mul_from_80percent_Name,
weapon_damage_mul_from_90percent,Weapon,add,mul,Stat_Format_Percentage,Stat_weapon_damage_mul_from_90percent_Name,
weapon_damagePercentage_teslagun_lightning,Weapon,add,mul,Stat_Format_Percentage,Stat_weapon_damagePercentage_teslagun_lightning_Name,
weapon_damageFrequency_teslagun_lightning,Weapon,add,val,Stat_Format_Percentage,Stat_weapon_damageFrequency_teslagun_lightning_Name,
weapon_damageRadius_teslagun_lightning,Weapon,add,val,Stat_Format_Distance,Stat_weapon_damageRadius_teslagun_lightning_Name,
weapon_extradamage_to_shield,Weapon,set,mul,Stat_Format_Percentage,Stat_weapon_extradamage_to_shield_Name,
weapon_extradamage_to_health,Weapon,set,mul,Stat_Format_Percentage,Stat_weapon_extradamage_to_health_Name,
weapon_overheat_time_on_empty_ammo,Weapon,set,mul,Stat_Format_Percentage,Stat_weapon_overheat_time_on_empty_ammo_Name,
weapon_puddle_radius,Weapon,add,val,Stat_Format_Default,Stat_weapon_puddle_radius_Name,
weapon_puddle_radius2,Weapon,add,val,Stat_Format_Default,Stat_weapon_puddle_radius2_Name,
weapon_puddle_slowrate_start,Weapon,set,val,Stat_Format_Default,Stat_weapon_puddle_slowrate_start_Name,
weapon_puddle_slowrate_end,Weapon,set,val,Stat_Format_Default,Stat_weapon_puddle_slowrate_end_Name,
weapon_puddle_slowrate_duration,Weapon,set,val,Stat_Format_Default,Stat_weapon_puddle_slowrate_duration_Name,
weapon_puddle_duration,Weapon,set,val,Stat_Format_Default,Stat_weapon_puddle_duration_Name,
weapon_puddle_radius_grow_sec,Weapon,set,val,Stat_Format_Default,Stat_weapon_puddle_radius_grow_sec_Name,
weapon_warmup_time_in_seconds,Weapon,set,val,Stat_Format_Default,Stat_weapon_warmup_time_in_seconds_Name,
weapon_cooldowntime_in_seconds,Weapon,set,val,Stat_Format_Default,Stat_weapon_cooldowntime_in_seconds_Name,
weapon_slowdown_rate,Weapon,set,val,Stat_Format_Default,Stat_weapon_slowdown_rate_Name,
weapon_extradamage_after_kill,Weapon,add,mul,Stat_Format_Percentage,Stat_weapon_extradamage_after_kill_Name,
weapon_extradamage_after_hit,Weapon,add,mul,Stat_Format_Percentage,Stat_weapon_extradamage_after_hit_Name,
weapon_extraammoreloadspeed_after_kill,Weapon,add,mul,Stat_Format_Percentage,Stat_weapon_extraammoreloadspeed_after_kill_Name,
weapon_electricity_damage_regenerates_shield,Weapon,add,mul,Stat_Format_Percentage,Stat_weapon_electricity_damage_regenerates_shield_Name,
weapon_leave_fire_on_impact_area,Weapon,add,mul,Stat_Format_Percentage,Stat_weapon_leave_fire_on_impact_area_Name,
weapon_leave_fire_on_hit,Weapon,add,mul,Stat_Format_Percentage,Stat_weapon_leave_fire_on_hit_Name,
weapon_hit_enemy_visible_in_bush,Weapon,add,mul,Stat_Format_Percentage,Stat_weapon_hit_enemy_visible_in_bush_Name,
weapon_special_shotgun_fastreload,Weapon,set,val,Stat_Format_Default,Stat_weapon_special_shotgun_fastreload_Name,Stat_weapon_special_shotgun_fastreload_Desc
weapon_special_assaultgun_shieldbreaker,Weapon,set,val,Stat_Format_Default,Stat_weapon_special_assaultgun_shieldbreaker_Name,Stat_weapon_special_assaultgun_shieldbreaker_Desc
weapon_special_teslagun_electricvamp,Weapon,set,val,Stat_Format_Default,Stat_weapon_special_teslagun_electricvamp_Name,Stat_weapon_special_teslagun_electricvamp_Desc
weapon_special_mortar_burn,Weapon,set,val,Stat_Format_Default,Stat_weapon_special_mortar_burn_Name,Stat_weapon_special_mortar_burn_Desc
weapon_special_railgun_overcharge,Weapon,set,val,Stat_Format_Default,Stat_weapon_special_railgun_overcharge_Name,Stat_weapon_special_railgun_overcharge_Desc
weapon_special_shotgunx_truevision,Weapon,set,val,Stat_Format_Default,Stat_weapon_special_shotgunx_truevision_Name,Stat_weapon_special_shotgunx_truevision_Desc
weapon_special_assaultgunx_slowmo,Weapon,set,val,Stat_Format_Default,Stat_weapon_special_assaultgunx_slowmo_Name,Stat_weapon_special_assaultgunx_slowmo_Desc
weapon_special_teslagunx_electricrecharge,Weapon,set,val,Stat_Format_Default,Stat_weapon_special_teslagunx_electricrecharge_Name,Stat_weapon_special_teslagunx_electricrecharge_Desc
weapon_special_mortarx_totalimpact,Weapon,set,val,Stat_Format_Default,Stat_weapon_special_mortarx_totalimpact_Name,Stat_weapon_special_mortarx_totalimpact_Desc
weapon_special_railgunx_steadyshot,Weapon,set,val,Stat_Format_Default,Stat_weapon_special_railgunx_steadyshot_Name,Stat_weapon_special_railgunx_steadyshot_Desc
weapon_special_flamer_mythical_burn,Weapon,set,val,Stat_Format_Default,Stat_weapon_special_flamer_mythical_burn_Name,Stat_weapon_special_flamer_mythical_burn_Desc
weapon_special_hammer_mythical_might,Weapon,set,val,Stat_Format_Default,Stat_weapon_special_hammer_mythical_might_Name,Stat_weapon_special_hammer_mythical_might_Desc
weapon_special_rocketlauncher_mythical_stun,Weapon,set,val,Stat_Format_Default,Stat_weapon_special_rocketlauncher_mythical_stun_Name,Stat_weapon_special_rocketlauncher_mythical_stun_Desc
weapon_special_minigun_mythical_ricochet,Weapon,set,val,Stat_Format_Default,Stat_weapon_special_minigun_mythical_ricochet_Name,Stat_weapon_special_minigun_mythical_ricochet_Desc
weapon_special_spreadgun_mythical_solarhealing,Weapon,set,val,Stat_Format_Default,Stat_weapon_special_spreadgun_mythical_solarhealing_Name,Stat_weapon_special_spreadgun_mythical_solarhealing_Desc
weapon_special_crossbow_mythical_bloodhunt,Weapon,set,val,Stat_Format_Default,Stat_weapon_special_crossbow_mythical_bloodhunt_Name,Stat_weapon_special_crossbow_mythical_bloodhunt_Desc
modifier_weapon_damage_mul,Weapon,mul,mul,Stat_Format_Percentage,Stat_modifier_weapon_damage_mul_Name,Stat_modifier_weapon_damage_mul_Desc
modifier_weapon_projectile_speed_mul,Weapon,mul,mul,Stat_Format_Percentage,Stat_modifier_weapon_projectile_speed_mul_Name,Stat_modifier_weapon_projectile_speed_mul_Desc
modifier_weapon_reloadTime_mul,Weapon,mul,mul,Stat_Format_Percentage,Stat_modifier_weapon_reloadTime_mul_Name,Stat_modifier_weapon_reloadTime_mul_Desc
modifier_weapon_extradamage_to_shield_mul,Weapon,mul,mul,Stat_Format_Percentage,Stat_modifier_weapon_extradamage_to_shield_mul_Name,Stat_modifier_weapon_extradamage_to_shield_mul_Desc
modifier_weapon_extradamage_to_health_mul,Weapon,mul,mul,Stat_Format_Percentage,Stat_modifier_weapon_extradamage_to_health_mul_Name,Stat_modifier_weapon_extradamage_to_health_mul_Desc
event_gamemode_gamemodeID,EventGameMode,set,val,Stat_Format_Default,Stat_event_gamemode_gamemodeID_Name,
event_gamemode_isTeamMode,EventGameMode,set,val,Stat_Format_Default,Stat_event_gamemode_isTeamMode_Name,
event_gamemode_playercount,EventGameMode,set,val,Stat_Format_Default,Stat_event_gamemode_playercount_Name,
event_gamemode_minRealPlayers,EventGameMode,set,val,Stat_Format_Default,Stat_event_gamemode_minRealPlayers_Name,
event_gamemode_maxRealPlayers,EventGameMode,set,val,Stat_Format_Default,Stat_event_gamemode_maxRealPlayers_Name,
event_gamemode_scorelimit,EventGameMode,set,val,Stat_Format_Default,Stat_event_gamemode_scorelimit_Name,
event_gamemode_timelimit,EventGameMode,set,val,Stat_Format_Second,Stat_event_gamemode_timelimit_Name,
event_gamemode_map,EventGameMode,set,val,Stat_Format_Default,Stat_event_gamemode_map_Name,
event_gamemode_map2,EventGameMode,set,val,Stat_Format_Default,Stat_event_gamemode_map2_Name,
event_gamemode_map3,EventGameMode,set,val,Stat_Format_Default,Stat_event_gamemode_map3_Name,
event_gamemode_map4,EventGameMode,set,val,Stat_Format_Default,Stat_event_gamemode_map4_Name,
event_gamemode_map5,EventGameMode,set,val,Stat_Format_Default,Stat_event_gamemode_map5_Name,
event_gamemode_map6,EventGameMode,set,val,Stat_Format_Default,Stat_event_gamemode_map6_Name,
event_gamemode_map7,EventGameMode,set,val,Stat_Format_Default,Stat_event_gamemode_map7_Name,
event_gamemode_map8,EventGameMode,set,val,Stat_Format_Default,Stat_event_gamemode_map8_Name,
event_gamemode_map9,EventGameMode,set,val,Stat_Format_Default,Stat_event_gamemode_map9_Name,
event_gamemode_map10,EventGameMode,set,val,Stat_Format_Default,Stat_event_gamemode_map10_Name,
event_gamemode_victoryDescID,EventGameMode,set,val,Stat_Format_Default,Stat_event_gamemode_victoryDescID_Name,
event_gamemode_newEventRewardID,EventGameMode,set,val,Stat_Format_Default,Stat_event_gamemode_newEventRewardID_Name,
event_gamemode_newEventDurationInHours,EventGameMode,set,val,Stat_Format_Default,Stat_event_gamemode_newEventDurationInHours_Name,
event_gamemode_rewardItemID_1,EventGameMode,set,val,Stat_Format_Default,Stat_event_gamemode_rewardItemID_1_Name,
event_gamemode_rewardItemID_2,EventGameMode,set,val,Stat_Format_Default,Stat_event_gamemode_rewardItemID_2_Name,
event_gamemode_rewardItemID_3,EventGameMode,set,val,Stat_Format_Default,Stat_event_gamemode_rewardItemID_3_Name,
event_gamemode_rewardItemID_4,EventGameMode,set,val,Stat_Format_Default,Stat_event_gamemode_rewardItemID_4_Name,
event_gamemode_rewardItemID_5,EventGameMode,set,val,Stat_Format_Default,Stat_event_gamemode_rewardItemID_5_Name,
event_gamemode_shardEvent,EventGameMode,set,val,Stat_Format_Default,Stat_event_gamemode_shardEvent_Name,
event_gamemode_shardEventItemID,EventGameMode,set,val,Stat_Format_Default,Stat_event_gamemode_shardEventItemID_Name,
event_gamemode_shardEventMaxShards,EventGameMode,set,val,Stat_Format_Default,Stat_event_gamemode_shardEventMaxShards_Name,
event_gamemode_shardEventShardsForWin,EventGameMode,set,val,Stat_Format_Default,Stat_event_gamemode_shardEventShardsForWin_Name,
event_gamemode_shardEventShardsForLose,EventGameMode,set,val,Stat_Format_Default,Stat_event_gamemode_shardEventShardsForLose_Name,
event_gamemode_shardEventShardsForDraw,EventGameMode,set,val,Stat_Format_Default,Stat_event_gamemode_shardEventShardsForDraw_Name,
event_gamemode_respawnDuration,EventGameMode,set,val,Stat_Format_Default,Stat_event_gamemode_respawnDuration_Name,
event_gamemode_introDuration,EventGameMode,set,val,Stat_Format_Default,Stat_event_gamemode_introDuration_Name,
event_gamemode_countdownDuration,EventGameMode,set,val,Stat_Format_Default,Stat_event_gamemode_countdownDuration_Name,
event_gamemode_teamsCount,EventGameMode,set,val,Stat_Format_Default,Stat_event_gamemode_teamsCount_Name,
event_gamemode_realPlayersTeamsCount,EventGameMode,set,val,Stat_Format_Default,Stat_event_gamemode_realPlayersTeamsCount_Name,
event_gamemode_lobbyWaitTimeout,EventGameMode,set,val,Stat_Format_Default,Stat_event_gamemode_lobbyWaitTimeout_Name,
event_gamemode_lobbyWaitTimeoutStaged,EventGameMode,set,val,Stat_Format_Default,Stat_event_gamemode_lobbyWaitTimeoutStaged_Name,
event_gamemode_lobbyWaitTimeoutAtStart,EventGameMode,set,val,Stat_Format_Default,Stat_event_gamemode_lobbyWaitTimeoutAtStart_Name,
event_gamemode_lobbyWaitTimeoutAt2Players,EventGameMode,set,val,Stat_Format_Default,Stat_event_gamemode_lobbyWaitTimeoutAt2Players_Name,
event_gamemode_lobbyWaitTimeoutAt4Players,EventGameMode,set,val,Stat_Format_Default,Stat_event_gamemode_lobbyWaitTimeoutAt4Players_Name,
event_gamemode_useMmrFiltering,EventGameMode,set,val,Stat_Format_Default,Stat_event_gamemode_useMmrFiltering_Name,
event_gamemode_useEvenPlayerCount,EventGameMode,set,val,Stat_Format_Default,Stat_event_gamemode_useEvenPlayerCount_Name,
event_gamemode_usePowerThresholdFiltering,EventGameMode,set,val,Stat_Format_Default,Stat_event_gamemode_usePowerThresholdFiltering_Name,
event_gamemode_powerThreshold_min,EventGameMode,set,val,Stat_Format_Default,Stat_event_gamemode_powerThreshold_min_Name,
event_gamemode_powerThreshold_max,EventGameMode,set,val,Stat_Format_Default,Stat_event_gamemode_powerThreshold_max_Name,
event_gamemode_powerThreshold_maxTime,EventGameMode,set,val,Stat_Format_Default,Stat_event_gamemode_powerThreshold_maxTime_Name,
event_gamemode_matchmakingFiltering,EventGameMode,set,val,Stat_Format_Default,Stat_event_gamemode_matchmakingFiltering_Name,
event_gamemode_lobbyWaitTimeoutShort,EventGameMode,set,val,Stat_Format_Default,Stat_event_gamemode_lobbyWaitTimeoutShort_Name,
event_gamemode_rumble_second_life,EventGameMode,set,val,Stat_Format_Default,Stat_event_gamemode_rumble_second_life_Name,
bots_difficulty_selection,EventGameMode,set,val,Stat_Format_Default,Stat_bots_difficulty_selection_Name,
matchmaking_FILTERING_TYPE,EventGameMode,set,val,Stat_Format_Default,Stat_matchmaking_FILTERING_TYPE_Name,
matchmaking_ORDERING_TYPE,EventGameMode,set,val,Stat_Format_Default,Stat_matchmaking_ORDERING_TYPE_Name,
matchmaking_BALANCING_TYPE,EventGameMode,set,val,Stat_Format_Default,Stat_matchmaking_BALANCING_TYPE_Name,
matchmaking_MATCHES_PLAYED_SEGMENTS,EventGameMode,set,val,Stat_Format_Default,Stat_matchmaking_MATCHES_PLAYED_SEGMENTS_Name,
matchmaking_POWER_SEGMENTS,EventGameMode,set,val,Stat_Format_Default,Stat_matchmaking_POWER_SEGMENTS_Name,
event_gamemode_rumble_circle_waitToShrinkTime,EventGameMode,set,val,Stat_Format_Default,Stat_event_gamemode_rumble_circle_waitToShrinkTime_Name,
event_gamemode_rumble_circle_shrinkingDuration,EventGameMode,set,val,Stat_Format_Default,Stat_event_gamemode_rumble_circle_shrinkingDuration_Name,
event_gamemode_rumble_circle_shrinkingSpeedMultiplierOnShowdown,EventGameMode,set,val,Stat_Format_Default,Stat_event_gamemode_rumble_circle_shrinkingSpeedMultiplierOnShowdown_Name,
event_gamemode_rumble_circle_shrinkingMinRadius,EventGameMode,set,val,Stat_Format_Default,Stat_event_gamemode_rumble_circle_shrinkingMinRadius_Name,
event_gamemode_rumble_circle_maxSize,EventGameMode,set,val,Stat_Format_Default,Stat_event_gamemode_rumble_circle_maxSize_Name,
event_gamemode_rumble_circle_damage_per_sec_percentage,EventGameMode,set,val,Stat_Format_Default,Stat_event_gamemode_rumble_circle_damage_per_sec_percentage_Name,
event_gamemode_rumble_stars_dropped_after_kill,EventGameMode,set,val,Stat_Format_Default,Stat_event_gamemode_rumble_stars_dropped_after_kill_Name,
event_gamemode_rumble_stars_dropped_after_killing_level_1,EventGameMode,set,val,Stat_Format_Default,Stat_event_gamemode_rumble_stars_dropped_after_killing_level_1_Name,
event_gamemode_rumble_stars_dropped_after_killing_level_2,EventGameMode,set,val,Stat_Format_Default,Stat_event_gamemode_rumble_stars_dropped_after_killing_level_2_Name,
event_gamemode_rumble_stars_dropped_after_killing_level_3,EventGameMode,set,val,Stat_Format_Default,Stat_event_gamemode_rumble_stars_dropped_after_killing_level_3_Name,
event_gamemode_rumble_stars_dropped_after_killing_level_4,EventGameMode,set,val,Stat_Format_Default,Stat_event_gamemode_rumble_stars_dropped_after_killing_level_4_Name,
event_gamemode_rumble_stars_dropped_after_killing_level_5,EventGameMode,set,val,Stat_Format_Default,Stat_event_gamemode_rumble_stars_dropped_after_killing_level_5_Name,
event_gamemode_rumble_stars_dropped_from_barrel,EventGameMode,set,val,Stat_Format_Default,Stat_event_gamemode_rumble_stars_dropped_from_barrel_Name,
event_gamemode_rumble_barrel_ultimateChargeMultiplier,EventGameMode,set,val,Stat_Format_Default,Stat_event_gamemode_rumble_barrel_ultimateChargeMultiplier_Name,
event_gamemode_rumble_stars_requiredToLevelup,EventGameMode,set,val,Stat_Format_Default,Stat_event_gamemode_rumble_stars_requiredToLevelup_Name,
event_gamemode_rumble_stars_requiredToLevelup_to_2,EventGameMode,set,val,Stat_Format_Default,Stat_event_gamemode_rumble_stars_requiredToLevelup_to_2_Name,
event_gamemode_rumble_stars_requiredToLevelup_to_3,EventGameMode,set,val,Stat_Format_Default,Stat_event_gamemode_rumble_stars_requiredToLevelup_to_3_Name,
event_gamemode_rumble_stars_requiredToLevelup_to_4,EventGameMode,set,val,Stat_Format_Default,Stat_event_gamemode_rumble_stars_requiredToLevelup_to_4_Name,
event_gamemode_rumble_stars_requiredToLevelup_to_5,EventGameMode,set,val,Stat_Format_Default,Stat_event_gamemode_rumble_stars_requiredToLevelup_to_5_Name,
event_gamemode_rumble_stars_requiredToLevelup_to_6,EventGameMode,set,val,Stat_Format_Default,Stat_event_gamemode_rumble_stars_requiredToLevelup_to_6_Name,
event_gamemode_rumble_stars_requiredToLevelup_to_7,EventGameMode,set,val,Stat_Format_Default,Stat_event_gamemode_rumble_stars_requiredToLevelup_to_7_Name,
event_gamemode_rumble_spawncount_stars,EventGameMode,set,val,Stat_Format_Default,Stat_event_gamemode_rumble_spawncount_stars_Name,
event_gamemode_rumble_spawncount_barrels,EventGameMode,set,val,Stat_Format_Default,Stat_event_gamemode_rumble_spawncount_barrels_Name,
event_gamemode_rumble_spawncount_healthPickups,EventGameMode,set,val,Stat_Format_Default,Stat_event_gamemode_rumble_spawncount_healthPickups_Name,
event_gamemode_rumble_barrel_healthMultiplier,EventGameMode,set,mul,Stat_Format_Default,Stat_event_gamemode_rumble_barrel_healthMultiplier_Name,
event_gamemode_ui_isCardBig,EventGameMode,set,val,Stat_Format_Default,Stat_event_gamemode_ui_isCardBig_Name,
event_arenaroyale_leaderboardPoolID,EventGameMode,set,val,Stat_Format_Default,Stat_event_arenaroyale_leaderboardPoolID_Name,
event_arenaroyale_matchLimitPerDayForScore,EventGameMode,set,val,Stat_Format_Default,Stat_event_arenaroyale_matchLimitPerDayForScore_Name,
event_arenaroyale_previousEventID,EventGameMode,set,val,Stat_Format_Default,Stat_event_arenaroyale_previousEventID_Name,
event_arenaroyale_premium_leaderboardPoolID,EventGameMode,set,val,Stat_Format_Default,Stat_event_arenaroyale_premium_leaderboardPoolID_Name,
event_arenaroyale_premium_playerLimit,EventGameMode,set,val,Stat_Format_Default,Stat_event_arenaroyale_premium_playerLimit_Name,
event_arenaroyale_premium_pricePoolID,EventGameMode,set,val,Stat_Format_Default,Stat_event_arenaroyale_premium_pricePoolID_Name,
event_arenaroyale_premium_pricePoolID2,EventGameMode,set,val,Stat_Format_Default,Stat_event_arenaroyale_premium_pricePoolID2_Name,
event_arenaroyale_isPremiumVersion,EventGameMode,set,val,Stat_Format_Default,Stat_event_arenaroyale_isPremiumVersion_Name,
event_arenaroyale_public_borrow_maxplaycount,EventGameMode,set,val,Stat_Format_Default,Stat_event_arenaroyale_public_borrow_maxplaycount_Name,
event_arenaroyale_direct_borrow_maxplaycount,EventGameMode,set,val,Stat_Format_Default,Stat_event_arenaroyale_direct_borrow_maxplaycount_Name,
event_breeding_unlock_for_race,EventGameMode,set,val,Stat_Format_Default,Stat_event_breeding_unlock_for_race_Name,
event_featureunlock_name,EventGameMode,set,val,Stat_Format_Default,Stat_event_featureunlock_name_Name,
event_forge_lootboxID,EventWeaponForge,set,val,Stat_Format_Default,Stat_event_forge_lootboxID_Name,
event_forge_rewardPoolID,EventWeaponForge,set,val,Stat_Format_Default,Stat_event_forge_rewardPoolID_Name,
event_forge_dailyFreePriceID,EventWeaponForge,set,val,Stat_Format_Default,Stat_event_forge_dailyFreePriceID_Name,
event_forge_priceID_1,EventWeaponForge,set,val,Stat_Format_Default,Stat_event_forge_priceID_1_Name,
event_forge_priceID_2,EventWeaponForge,set,val,Stat_Format_Default,Stat_event_forge_priceID_2_Name,
event_forge_priceID_x10,EventWeaponForge,set,val,Stat_Format_Default,Stat_event_forge_priceID_x10_Name,
event_forge_priceID_x10_2,EventWeaponForge,set,val,Stat_Format_Default,Stat_event_forge_priceID_x10_2_Name,
event_forge_cardAsset,EventWeaponForge,set,val,Stat_Format_Default,Stat_event_forge_cardAsset_Name,
event_forge_guaranteeOpenCount,EventWeaponForge,set,val,Stat_Format_Default,Stat_event_forge_guaranteeOpenCount_Name,
event_forge_guaranteedRewardPoolID,EventWeaponForge,set,val,Stat_Format_Default,Stat_event_forge_guaranteedRewardPoolID_Name,
event_borrowing_price,EventBorrowing,set,val,Stat_Format_Default,Stat_event_borrowing_price_Name,
event_borrowing_price2,EventBorrowing,set,val,Stat_Format_Default,Stat_event_borrowing_price2_Name,
event_borrowing_price3,EventBorrowing,set,val,Stat_Format_Default,Stat_event_borrowing_price3_Name,
event_borrowing_price4,EventBorrowing,set,val,Stat_Format_Default,Stat_event_borrowing_price4_Name,
event_borrowing_price5,EventBorrowing,set,val,Stat_Format_Default,Stat_event_borrowing_price5_Name,
event_borrowing_minNFTRarity,EventBorrowing,set,val,Stat_Format_Default,Stat_event_borrowing_minNFTRarity_Name,
event_borrowing_maxNFTRarity,EventBorrowing,set,val,Stat_Format_Default,Stat_event_borrowing_maxNFTRarity_Name,
event_borrowing_dailyLimit,EventBorrowing,set,val,Stat_Format_Default,Stat_event_borrowing_dailyLimit_Name,
event_battlepass_isPreSeason,BattlePass,set,val,Stat_Format_Default,Stat_event_battlepass_isPreSeason_Name,
event_battlepass_rewardPoolID,BattlePass,set,val,Stat_Format_Default,Stat_event_battlepass_rewardPoolID_Name,
event_battlepass_tierSkipPriceID,BattlePass,set,val,Stat_Format_Default,Stat_event_battlepass_tierSkipPriceID_Name,
event_battlepass_freeRewardClaimNeedsVideo,BattlePass,set,val,Stat_Format_Default,Stat_event_battlepass_freeRewardClaimNeedsVideo_Name,
event_battlepass_isMainEvent,BattlePass,set,val,Stat_Format_Default,Stat_event_battlepass_isMainEvent_Name,
event_battlepass_isSingleTier,BattlePass,set,val,Stat_Format_Default,Stat_event_battlepass_isSingleTier_Name,
event_battlepass_purchasePriceID1,BattlePass,set,val,Stat_Format_Default,Stat_event_battlepass_purchasePriceID1_Name,
event_battlepass_purchasePriceID2,BattlePass,set,val,Stat_Format_Default,Stat_event_battlepass_purchasePriceID2_Name,
event_battlepass_paid_extraShards,BattlePass,set,val,Stat_Format_Default,Stat_event_battlepass_paid_extraShards_Name,
event_battlepass_paid_extraBattlepasstoken,BattlePass,set,val,Stat_Format_Default,Stat_event_battlepass_paid_extraBattlepasstoken_Name,
event_battlepass_paid_lootboxSameTimeOpenCount,BattlePass,set,val,Stat_Format_Default,Stat_event_battlepass_paid_lootboxSameTimeOpenCount_Name,
event_battlepass_token_energy_itemID,BattlePass,set,val,Stat_Format_Default,Stat_event_battlepass_token_energy_itemID_Name,
event_battlepass_token_energy_doubler_itemID,BattlePass,set,val,Stat_Format_Default,Stat_event_battlepass_token_energy_doubler_itemID_Name,
event_battlepass_token_energy_max,BattlePass,set,val,Stat_Format_Default,Stat_event_battlepass_token_energy_max_Name,
event_battlepass_token_energy_paid_max,BattlePass,set,val,Stat_Format_Default,Stat_event_battlepass_token_energy_paid_max_Name,
event_battlepass_token_energy_regeneration_hours,BattlePass,set,val,Stat_Format_Default,Stat_event_battlepass_token_energy_regeneration_hours_Name,
event_battlepass_token_energy_regeneration_amount,BattlePass,set,val,Stat_Format_Default,Stat_event_battlepass_token_energy_regeneration_amount_Name,
event_battlepass_freeRewardClaimNeedsVideoFromRewardIndex,BattlePass,set,val,Stat_Format_Default,Stat_event_battlepass_freeRewardClaimNeedsVideoFromRewardIndex_Name,
event_battlepass_bonusRewardID,BattlePass,set,val,Stat_Format_Default,Stat_event_battlepass_bonusRewardID_Name,
event_battlepass_bonusRewardTokenRequired,BattlePass,set,val,Stat_Format_Default,Stat_event_battlepass_bonusRewardTokenRequired_Name,
event_battlepass_quests_missionEventID_weekly_1,BattlePass,set,val,Stat_Format_Default,Stat_event_battlepass_quests_missionEventID_weekly_1_Name,
event_battlepass_quests_missionEventID_weekly_2,BattlePass,set,val,Stat_Format_Default,Stat_event_battlepass_quests_missionEventID_weekly_2_Name,
event_battlepass_quests_missionEventID_weekly_3,BattlePass,set,val,Stat_Format_Default,Stat_event_battlepass_quests_missionEventID_weekly_3_Name,
event_battlepass_quests_missionEventID_weekly_4,BattlePass,set,val,Stat_Format_Default,Stat_event_battlepass_quests_missionEventID_weekly_4_Name,
event_battlepass_quests_missionEventID_weekly_5,BattlePass,set,val,Stat_Format_Default,Stat_event_battlepass_quests_missionEventID_weekly_5_Name,
event_battlepass_quests_missionEventID_weekly_6,BattlePass,set,val,Stat_Format_Default,Stat_event_battlepass_quests_missionEventID_weekly_6_Name,
event_battlepass_quests_missionEventID_featured,BattlePass,set,val,Stat_Format_Default,Stat_event_battlepass_quests_missionEventID_featured_Name,
event_battlepass_quests_missionEventID_challenge,BattlePass,set,val,Stat_Format_Default,Stat_event_battlepass_quests_missionEventID_challenge_Name,
event_battlepass_quests_dailymissions_missionCategoryID,BattlePass,set,val,Stat_Format_Default,Stat_event_battlepass_quests_dailymissions_missionCategoryID_Name,
event_battlepass_quests_dailymissions_count,BattlePass,set,val,Stat_Format_Default,Stat_event_battlepass_quests_dailymissions_count_Name,
event_battlepass_quests_dailymissions_count_free,BattlePass,set,val,Stat_Format_Default,Stat_event_battlepass_quests_dailymissions_count_free_Name,
event_battlepass_eventCurrencyItemID,BattlePass,set,val,Stat_Format_Default,Stat_event_battlepass_eventCurrencyItemID_Name,
event_battlepass_eventCurrencyToShardConversionRate,BattlePass,set,val,Stat_Format_Default,Stat_event_battlepass_eventCurrencyToShardConversionRate_Name,
event_battlepass_seasonShopCategoryID,BattlePass,set,val,Stat_Format_Default,Stat_event_battlepass_seasonShopCategoryID_Name,
event_dailyvideo_rewardPoolID,EventDailyVideo,set,val,Stat_Format_Default,Stat_event_dailyvideo_rewardPoolID_Name,
event_dailylogin_rewardPoolID,EventDailyLogin,set,val,Stat_Format_Default,Stat_event_dailylogin_rewardPoolID_Name,
event_dailylogin_paidTierPricePoolID,EventDailyLogin,set,val,Stat_Format_Default,Stat_event_dailylogin_paidTierPricePoolID_Name,
event_missions_missionCategory,EventMission,set,val,Stat_Format_Default,Stat_event_missions_missionCategory_Name,
event_missions_finalRewardPoolID,EventMission,set,val,Stat_Format_Default,Stat_event_missions_finalRewardPoolID_Name,
event_challengeGameModeID,EventChallenge,set,val,Stat_Format_Default,Stat_event_challengeGameModeID_Name,
event_challengeRewardPoolID,EventChallenge,set,val,Stat_Format_Default,Stat_event_challengeRewardPoolID_Name,
event_challengeMaxLosses,EventChallenge,set,val,Stat_Format_Default,Stat_event_challengeMaxLosses_Name,
event_specialCalendarEventType,EventChallenge,set,val,Stat_Format_Default,Stat_event_specialCalendarEventType_Name,
event_upgradecost_discount_rate,EventChallenge,set,val,Stat_Format_Default,Stat_event_upgradecost_discount_rate_Name,
ultimateskill_name,UltimateSkill,set,val,Stat_Format_Default,Stat_ultimateskill_name_Name,
ultimateskill_description,UltimateSkill,set,val,Stat_Format_Default,Stat_ultimateskill_description_Name,
ultimateskill_charging_duration,UltimateSkill,set,val,Stat_Format_Second,Stat_ultimateskill_charging_duration_Name,
ultimateskill_charging_skipTimePerKill,UltimateSkill,set,val,Stat_Format_Default,Stat_ultimateskill_charging_skipTimePerKill_Name,
ultimateskill_charging_skipTimePer1000DMG,UltimateSkill,set,val,Stat_Format_Default,Stat_ultimateskill_charging_skipTimePer1000DMG_Name,
ultimateskill_bareerShield_duration,UltimateSkill,set,val,Stat_Format_Second,Stat_ultimateskill_bareerShield_duration_Name,
ultimateskill_bareerShield_health,UltimateSkill,set,val,Stat_Format_Default,Stat_ultimateskill_bareerShield_health_Name,
ultimateskill_bareerShield_width,UltimateSkill,set,val,Stat_Format_Default,Stat_ultimateskill_bareerShield_width_Name,
ultimateskill_bareerShield_distance,UltimateSkill,set,val,Stat_Format_Distance,Stat_ultimateskill_bareerShield_distance_Name,
ultimateskill_roar_range,UltimateSkill,set,val,Stat_Format_Distance,Stat_ultimateskill_roar_range_Name,
ultimateskill_roar_duration,UltimateSkill,set,val,Stat_Format_Second,Stat_ultimateskill_roar_duration_Name,
ultimateskill_roar_buffForUI,UltimateSkill,set,mul,Stat_Format_Percentage,Stat_ultimateskill_roar_buffForUI_Name,
ultimateskill_roar_teamMoveSpeedMul,UltimateSkill,set,mul,Stat_Format_Percentage,Stat_ultimateskill_roar_teamMoveSpeedMul_Name,
ultimateskill_roar_teamAttackSpeedMul,UltimateSkill,set,mul,Stat_Format_Percentage,Stat_ultimateskill_roar_teamAttackSpeedMul_Name,
ultimateskill_roar_teamDamageMul,UltimateSkill,set,mul,Stat_Format_Percentage,Stat_ultimateskill_roar_teamDamageMul_Name,
ultimateskill_roar_enemyMoveSpeedMul,UltimateSkill,set,mul,Stat_Format_Percentage,Stat_ultimateskill_roar_enemyMoveSpeedMul_Name,
ultimateskill_roar_enemyAttackSpeedMul,UltimateSkill,set,mul,Stat_Format_Percentage,Stat_ultimateskill_roar_enemyAttackSpeedMul_Name,
ultimateskill_roar_enemyDamageMul,UltimateSkill,set,mul,Stat_Format_Percentage,Stat_ultimateskill_roar_enemyDamageMul_Name,
ultimateskill_9lives_duration,UltimateSkill,set,val,Stat_Format_Second,Stat_ultimateskill_9lives_duration_Name,
ultimateskill_9lives_shieldPercentage,UltimateSkill,set,val,Stat_Format_Percentage,Stat_ultimateskill_9lives_shieldPercentage_Name,
ultimateskill_9lives_healthPercentage,UltimateSkill,set,val,Stat_Format_Percentage,Stat_ultimateskill_9lives_healthPercentage_Name,
ultimateskill_9lives_invulnerability_duration,UltimateSkill,set,val,Stat_Format_Second,Stat_ultimateskill_9lives_invulnerability_duration_Name,
ultimateskill_groundslam_range,UltimateSkill,set,val,Stat_Format_Distance,Stat_ultimateskill_groundslam_range_Name,
ultimateskill_groundslam_angle,UltimateSkill,set,val,Stat_Format_Default,Stat_ultimateskill_groundslam_angle_Name,
ultimateskill_groundslam_damage,UltimateSkill,set,val,Stat_Format_Default,Stat_ultimateskill_groundslam_damage_Name,
ultimateskill_groundslam_enemyMoveSpeedMul,UltimateSkill,set,mul,Stat_Format_Percentage,Stat_ultimateskill_groundslam_enemyMoveSpeedMul_Name,
ultimateskill_groundslam_duration,UltimateSkill,set,val,Stat_Format_Second,Stat_ultimateskill_groundslam_duration_Name,
ultimateskill_rabbithole_range,UltimateSkill,set,val,Stat_Format_Default,Stat_ultimateskill_rabbithole_range_Name,
ultimateskill_rabbithole_damage,UltimateSkill,set,val,Stat_Format_Default,Stat_ultimateskill_rabbithole_damage_Name,
ultimateskill_rabbithole_AOE_radius,UltimateSkill,set,val,Stat_Format_Distance,Stat_ultimateskill_rabbithole_AOE_radius_Name,
ultimateskill_rabbithole_pushAmount,UltimateSkill,set,mul,Stat_Format_Percentage,Stat_ultimateskill_rabbithole_pushAmount_Name,
ultimateskill_bananabomb_range,UltimateSkill,set,val,Stat_Format_Distance,Stat_ultimateskill_bananabomb_range_Name,
ultimateskill_bananabomb_damage,UltimateSkill,set,val,Stat_Format_Default,Stat_ultimateskill_bananabomb_damage_Name,
ultimateskill_bananabomb_AOE_radius,UltimateSkill,set,val,Stat_Format_Distance,Stat_ultimateskill_bananabomb_AOE_radius_Name,
ultimateskill_bananabomb_projectile_speed,UltimateSkill,set,val,Stat_Format_Default,Stat_ultimateskill_bananabomb_projectile_speed_Name,
ultimateskill_slime_duration,UltimateSkill,set,val,Stat_Format_Second,Stat_ultimateskill_slime_duration_Name,
ultimateskill_slime_movespeed_bonus,UltimateSkill,set,val,Stat_Format_Default,Stat_ultimateskill_slime_movespeed_bonus_Name,
ultimateskill_slime_movespeed_bonus_rate,UltimateSkill,set,mul,Stat_Format_Percentage,Stat_ultimateskill_slime_movespeed_bonus_rate_Name,
ultimateskill_slime_puddle_effect_duration,UltimateSkill,set,val,Stat_Format_Second,Stat_ultimateskill_slime_puddle_effect_duration_Name,
ultimateskill_slime_puddle_slow_effect_rate,UltimateSkill,set,mul,Stat_Format_Percentage,Stat_ultimateskill_slime_puddle_slow_effect_rate_Name,
ultimateskill_slime_damage,UltimateSkill,set,val,Stat_Format_Default,Stat_ultimateskill_slime_damage_Name,
ultimateskill_jaws_duration,UltimateSkill,set,val,Stat_Format_Second,Stat_ultimateskill_jaws_duration_Name,
ultimateskill_jaws_movespeed_bonus_rate,UltimateSkill,set,mul,Stat_Format_Default,Stat_ultimateskill_jaws_movespeed_bonus_rate_Name,
ultimateskill_jaws_damage,UltimateSkill,set,val,Stat_Format_Default,Stat_ultimateskill_jaws_damage_Name,
ultimateskill_jaws_aoe_radius,UltimateSkill,set,val,Stat_Format_Default,Stat_ultimateskill_jaws_aoe_radius_Name,
ultimateskill_jaws_slowdown_rate,UltimateSkill,set,val,Stat_Format_Default,Stat_ultimateskill_jaws_slowdown_rate_Name,
ultimateskill_jaws_slowdown_duration,UltimateSkill,set,val,Stat_Format_Default,Stat_ultimateskill_jaws_slowdown_duration_Name,
ultimateskill_nutgrenades_grenade_count,UltimateSkill,set,val,Stat_Format_Default,Stat_ultimateskill_nutgrenades_grenade_count_Name,
ultimateskill_nutgrenades_grenade_timer,UltimateSkill,set,val,Stat_Format_Second,Stat_ultimateskill_nutgrenades_grenade_timer_Name,
ultimateskill_nutgrenades_grenade_damage,UltimateSkill,set,val,Stat_Format_Default,Stat_ultimateskill_nutgrenades_grenade_damage_Name,
ultimateskill_nutgrenades_grenade_aoe_radius,UltimateSkill,set,val,Stat_Format_Default,Stat_ultimateskill_nutgrenades_grenade_aoe_radius_Name,
ultimateskill_nutgrenades_nut_count,UltimateSkill,set,val,Stat_Format_Default,Stat_ultimateskill_nutgrenades_nut_count_Name,
ultimateskill_nutgrenades_nut_speed,UltimateSkill,set,val,Stat_Format_Default,Stat_ultimateskill_nutgrenades_nut_speed_Name,
ultimateskill_nutgrenades_nut_explosion_delay,UltimateSkill,set,val,Stat_Format_Default,Stat_ultimateskill_nutgrenades_nut_explosion_delay_Name,
ultimateskill_nutgrenades_nut_aoe,UltimateSkill,set,val,Stat_Format_Default,Stat_ultimateskill_nutgrenades_nut_aoe_Name,
ultimateskill_nutgrenades_nut_angle,UltimateSkill,set,val,Stat_Format_Default,Stat_ultimateskill_nutgrenades_nut_angle_Name,
ultimateskill_nutgrenades_nut_damage,UltimateSkill,set,val,Stat_Format_Default,Stat_ultimateskill_nutgrenades_nut_damage_Name,
ultimateskill_nutgrenades_nut_range,UltimateSkill,set,val,Stat_Format_Default,Stat_ultimateskill_nutgrenades_nut_range_Name,
ultimateskill_nutgrenades_circlesize,UltimateSkill,set,val,Stat_Format_Default,Stat_ultimateskill_nutgrenades_circlesize_Name,
ultimateskill_nutgrenades_throwdelay,UltimateSkill,set,val,Stat_Format_Default,Stat_ultimateskill_nutgrenades_throwdelay_Name,
ultimateskill_bullrun_run_distance,UltimateSkill,set,val,Stat_Format_Default,Stat_ultimateskill_bullrun_run_distance_Name,
ultimateskill_bullrun_run_speed_mul,UltimateSkill,set,mul,Stat_Format_Percentage,Stat_ultimateskill_bullrun_run_speed_mul_Name,
ultimateskill_bullrun_stun_duration,UltimateSkill,set,val,Stat_Format_Default,Stat_ultimateskill_bullrun_stun_duration_Name,
ultimateskill_bullrun_hit_damage,UltimateSkill,set,val,Stat_Format_Default,Stat_ultimateskill_bullrun_hit_damage_Name,
ultimateskill_bullrun_wall_hit_damage,UltimateSkill,set,val,Stat_Format_Default,Stat_ultimateskill_bullrun_wall_hit_damage_Name,
ultimateskill_chickenturret_egg_range,UltimateSkill,set,val,Stat_Format_Default,Stat_ultimateskill_chickenturret_egg_range_Name,
ultimateskill_chickenturret_egg_projectile_speed,UltimateSkill,set,val,Stat_Format_Default,Stat_ultimateskill_chickenturret_egg_projectile_speed_Name,
ultimateskill_chickenturret_weapon_damage,UltimateSkill,set,val,Stat_Format_Default,Stat_ultimateskill_chickenturret_weapon_damage_Name,
ultimateskill_chickenturret_weapon_cooldownAfterLastBullet,UltimateSkill,set,val,Stat_Format_Default,Stat_ultimateskill_chickenturret_weapon_cooldownAfterLastBullet_Name,
ultimateskill_chickenturret_weapon_reloadTime,UltimateSkill,set,val,Stat_Format_Default,Stat_ultimateskill_chickenturret_weapon_reloadTime_Name,
ultimateskill_chickenturret_weapon_ammo,UltimateSkill,set,val,Stat_Format_Default,Stat_ultimateskill_chickenturret_weapon_ammo_Name,
ultimateskill_chickenturret_weapon_projectile_shoot_in_sequence,UltimateSkill,set,val,Stat_Format_Default,Stat_ultimateskill_chickenturret_weapon_projectile_shoot_in_sequence_Name,
ultimateskill_chickenturret_weapon_projectile_shoot_in_sequence_fireRateSec,UltimateSkill,set,val,Stat_Format_Default,Stat_ultimateskill_chickenturret_weapon_projectile_shoot_in_sequence_fireRateSec_Name,
ultimateskill_chickenturret_weapon_projectiles_per_shot,UltimateSkill,set,val,Stat_Format_Default,Stat_ultimateskill_chickenturret_weapon_projectiles_per_shot_Name,
ultimateskill_chickenturret_weapon_projectile_spread_angle,UltimateSkill,set,val,Stat_Format_Default,Stat_ultimateskill_chickenturret_weapon_projectile_spread_angle_Name,
ultimateskill_chickenturret_weapon_projectile_spread_width,UltimateSkill,set,val,Stat_Format_Default,Stat_ultimateskill_chickenturret_weapon_projectile_spread_width_Name,
ultimateskill_chickenturret_weapon_projectile_speed,UltimateSkill,set,val,Stat_Format_Default,Stat_ultimateskill_chickenturret_weapon_projectile_speed_Name,
ultimateskill_chickenturret_weapon_projectile_range,UltimateSkill,set,val,Stat_Format_Default,Stat_ultimateskill_chickenturret_weapon_projectile_range_Name,
ultimateskill_chickenturret_weapon_projectile_spawn_delay_after_shot,UltimateSkill,set,val,Stat_Format_Default,Stat_ultimateskill_chickenturret_weapon_projectile_spawn_delay_after_shot_Name,
ultimateskill_chickenturret_weapon_duration,UltimateSkill,set,val,Stat_Format_Default,Stat_ultimateskill_chickenturret_weapon_duration_Name,
modifier_character_movespeed_add,Weapon,add,val,Stat_Format_Distance,Stat_modifier_character_movespeed_add_Name,Stat_modifier_character_movespeed_add_Desc
modifier_character_movespeed_mul,Weapon,add,mul,Stat_Format_Distance,Stat_modifier_character_movespeed_mul_Name,Stat_modifier_character_movespeed_mul_Desc
modifier_character_movespeed_in_grass_add,Weapon,add,val,Stat_Format_Distance,Stat_modifier_character_movespeed_in_grass_add_Name,Stat_modifier_character_movespeed_in_grass_add_Desc
modifier_character_movespeed_in_grass_mul,Weapon,add,mul,Stat_Format_Distance,Stat_modifier_character_movespeed_in_grass_mul_Name,Stat_modifier_character_movespeed_in_grass_mul_Desc
modifier_character_damagetaken_reduce_mul,Weapon,add,mul,Stat_Format_Distance,Stat_modifier_character_damagetaken_reduce_mul_Name,Stat_modifier_character_damagetaken_reduce_mul_Desc
modifier_character_shield_duration_after_spawn_sec,Weapon,add,val,Stat_Format_Distance,Stat_modifier_character_shield_duration_after_spawn_sec_Name,Stat_modifier_character_shield_duration_after_spawn_sec_Desc
modifier_character_shield_add,Weapon,add,val,Stat_Format_Distance,Stat_modifier_character_shield_add_Name,Stat_modifier_character_shield_add_Desc
modifier_character_shield_mul,Weapon,add,mul,Stat_Format_Distance,Stat_modifier_character_shield_mul_Name,Stat_modifier_character_shield_mul_Desc
modifier_character_health_add,Weapon,add,val,Stat_Format_Distance,Stat_modifier_character_health_add_Name,Stat_modifier_character_health_add_Desc
modifier_character_health_mul,Weapon,add,mul,Stat_Format_Distance,Stat_modifier_character_health_mul_Name,Stat_modifier_character_health_mul_Desc
