IsEnabled,EventType,EventID,NameID,DescID,StartTime,EndTime,PeriodHour,ComingSoonHours,MinCareerXP,ParentEventID,SortIndex,IsVisible,EventSetupID
True,BorrowUnlock,1,borrow_unlock_name,,2023-01-01T00:00:00,,0.0,0,10,,0,True,borrow_unlock
True,GameMode,15,event_tutorial_name,event_tutorial_desc,2023-02-01T00:00:00,,0.0,0,0,,0,False,tutorial_01
True,GameMode,16,event_tutorial2_name,event_tutorial2_desc,2023-02-01T00:00:00,,0.0,0,0,,0,False,tutorial_02_RUMBLE
True,GameMode,29,event_tutorial2_name,event_tutorial2_desc,2023-02-01T00:00:00,,0.0,0,0,,0,False,tutorial_02_TC
True,GameMode,18,event_rumble_name,event_rumble_desc,2023-02-01T00:00:00,,7.0,0,0,,0,True,gm_RUM
True,GameMode,10,event_tdm_name,event_tdm_desc,2023-01-01T00:00:00,,11.0,0,0,,10,True,gm_TC
True,GameMode,13,event_killstreak_name,event_killstreak_desc,2023-02-01T00:00:00,,9.0,0,25,,20,True,gm_HS
True,WeaponForge,1001,even_forge_daily_name,even_forge_daily_desc,2023-02-01T00:00:00,,0.0,0,0,,1,True,forge_daily
True,WeaponForge,1002,event_forge_epic_name,event_forge_epic_desc,2023-02-01T00:00:00,,0.0,0,0,,2,True,forge_epic
True,WeaponForge,1003,event_forge_NFT_arsenalx_name,event_forge_NFT_arsenalx_desc,2023-02-01T00:00:00,,0.0,0,50,,3,True,forge_NFT_arsenalx
True,WeaponForge,1004,event_forge_NFT_mythical_name,event_forge_NFT_mythical_desc,2024-02-12T00:00:00,,0.0,336,100,,4,True,forge_NFT_mythical
True,WeaponForge,1043,even_forge_class_expl_name,even_forge_class_expl_desc,2024-01-05T00:00:00,2024-01-07T00:00:00,0.0,12,250,,3,True,forge_class_expl
True,WeaponForge,1044,even_forge_class_elem_name,even_forge_class_elem_desc,2024-01-12T00:00:00,2024-01-14T00:00:00,0.0,12,250,,3,True,forge_class_elem
True,WeaponForge,1045,even_forge_class_auto_name,even_forge_class_auto_desc,2024-01-19T00:00:00,2024-01-21T00:00:00,0.0,12,250,,3,True,forge_class_auto
True,WeaponForge,1046,even_forge_class_spread_name,even_forge_class_spread_desc,2024-01-26T00:00:00,2024-01-28T00:00:00,0.0,12,250,,3,True,forge_class_spread
True,WeaponForge,1047,even_forge_class_prec_name,even_forge_class_prec_desc,2024-02-02T00:00:00,2024-02-04T00:00:00,0.0,12,250,,3,True,forge_class_prec
True,WeaponForge,1048,even_forge_class_expl_name,even_forge_class_expl_desc,2024-02-09T00:00:00,2024-02-11T00:00:00,0.0,12,250,,3,True,forge_class_expl
True,WeaponForge,1049,even_forge_class_elem_name,even_forge_class_elem_desc,2024-02-16T00:00:00,2024-02-18T00:00:00,0.0,12,250,,3,True,forge_class_elem
True,WeaponForge,1050,even_forge_class_auto_name,even_forge_class_auto_desc,2024-02-23T00:00:00,2024-02-25T00:00:00,0.0,12,250,,3,True,forge_class_auto
True,WeaponForge,1051,even_forge_class_spread_name,even_forge_class_spread_desc,2024-03-01T00:00:00,2024-03-03T00:00:00,0.0,12,250,,3,True,forge_class_spread
True,WeaponForge,1052,even_forge_class_prec_name,even_forge_class_prec_desc,2024-03-08T00:00:00,2024-03-10T00:00:00,0.0,12,250,,3,True,forge_class_prec
True,WeaponForge,1053,even_forge_class_expl_name,even_forge_class_expl_desc,2024-03-15T00:00:00,2024-03-17T00:00:00,0.0,12,250,,3,True,forge_class_expl
True,WeaponForge,1054,even_forge_class_elem_name,even_forge_class_elem_desc,2024-03-22T00:00:00,2024-03-24T00:00:00,0.0,12,250,,3,True,forge_class_elem
True,WeaponForge,1055,even_forge_class_auto_name,even_forge_class_auto_desc,2024-03-29T00:00:00,2024-03-31T00:00:00,0.0,12,250,,3,True,forge_class_auto
True,WeaponForge,1056,even_forge_class_spread_name,even_forge_class_spread_desc,2024-04-05T00:00:00,2024-04-07T00:00:00,0.0,12,250,,3,True,forge_class_spread
True,WeaponForge,1057,even_forge_class_prec_name,even_forge_class_prec_desc,2024-04-12T00:00:00,2024-04-14T00:00:00,0.0,12,250,,3,True,forge_class_prec
True,WeaponForge,1058,even_forge_class_expl_name,even_forge_class_expl_desc,2024-04-19T00:00:00,2024-04-21T00:00:00,0.0,12,250,,3,True,forge_class_expl
True,WeaponForge,1059,even_forge_class_elem_name,even_forge_class_elem_desc,2024-04-26T00:00:00,2024-04-28T00:00:00,0.0,12,250,,3,True,forge_class_elem
True,WeaponForge,1060,even_forge_class_auto_name,even_forge_class_auto_desc,2024-05-03T00:00:00,2024-05-05T00:00:00,0.0,12,250,,3,True,forge_class_auto
True,WeaponForge,1061,even_forge_class_spread_name,even_forge_class_spread_desc,2024-05-10T00:00:00,2024-05-12T00:00:00,0.0,12,250,,3,True,forge_class_spread
True,WeaponForge,1062,even_forge_class_prec_name,even_forge_class_prec_desc,2024-05-17T00:00:00,2024-05-19T00:00:00,0.0,12,250,,3,True,forge_class_prec
True,WeaponForge,1063,even_forge_class_expl_name,even_forge_class_expl_desc,2024-05-24T00:00:00,2024-05-26T00:00:00,0.0,12,250,,3,True,forge_class_expl
True,WeaponForge,1064,even_forge_class_elem_name,even_forge_class_elem_desc,2024-05-31T00:00:00,2024-06-02T00:00:00,0.0,12,250,,3,True,forge_class_elem
True,WeaponForge,1065,even_forge_class_auto_name,even_forge_class_auto_desc,2024-06-07T00:00:00,2024-06-09T00:00:00,0.0,12,250,,3,True,forge_class_auto
True,WeaponForge,1066,even_forge_class_spread_name,even_forge_class_spread_desc,2024-06-14T00:00:00,2024-06-16T00:00:00,0.0,12,250,,3,True,forge_class_spread
True,WeaponForge,1067,even_forge_class_prec_name,even_forge_class_prec_desc,2024-06-21T00:00:00,2024-06-23T00:00:00,0.0,12,250,,3,True,forge_class_prec
True,WeaponForge,1068,even_forge_class_expl_name,even_forge_class_expl_desc,2024-06-28T00:00:00,2024-06-30T00:00:00,0.0,12,250,,3,True,forge_class_expl
True,WeaponForge,1069,even_forge_class_elem_name,even_forge_class_elem_desc,2024-07-05T00:00:00,2024-07-07T00:00:00,0.0,12,250,,3,True,forge_class_elem
True,WeaponForge,1070,even_forge_class_auto_name,even_forge_class_auto_desc,2024-07-12T00:00:00,2024-07-14T00:00:00,0.0,12,250,,3,True,forge_class_auto
True,WeaponForge,1071,even_forge_class_spread_name,even_forge_class_spread_desc,2024-07-19T00:00:00,2024-07-21T00:00:00,0.0,12,250,,3,True,forge_class_spread
True,WeaponForge,1072,even_forge_class_prec_name,even_forge_class_prec_desc,2024-07-26T00:00:00,2024-07-28T00:00:00,0.0,12,250,,3,True,forge_class_prec
True,WeaponForge,1073,even_forge_class_expl_name,even_forge_class_expl_desc,2024-08-02T00:00:00,2024-08-04T00:00:00,0.0,12,250,,3,True,forge_class_expl
True,WeaponForge,1074,even_forge_class_elem_name,even_forge_class_elem_desc,2024-08-09T00:00:00,2024-08-11T00:00:00,0.0,12,250,,3,True,forge_class_elem
True,WeaponForge,1075,even_forge_class_auto_name,even_forge_class_auto_desc,2024-08-16T00:00:00,2024-08-18T00:00:00,0.0,12,250,,3,True,forge_class_auto
True,WeaponForge,1076,even_forge_class_spread_name,even_forge_class_spread_desc,2024-08-23T00:00:00,2024-08-25T00:00:00,0.0,12,250,,3,True,forge_class_spread
True,WeaponForge,1077,even_forge_class_prec_name,even_forge_class_prec_desc,2024-08-30T00:00:00,2024-09-01T00:00:00,0.0,12,250,,3,True,forge_class_prec
True,WeaponForge,1078,even_forge_class_expl_name,even_forge_class_expl_desc,2024-09-06T00:00:00,2024-09-08T00:00:00,0.0,12,250,,3,True,forge_class_expl
True,WeaponForge,1079,even_forge_class_elem_name,even_forge_class_elem_desc,2024-09-13T00:00:00,2024-09-15T00:00:00,0.0,48,250,,3,True,forge_class_elem
True,Borrowing,1501,event_borrowing_name,event_borrowing_desc,2023-02-01T00:00:00,,24.0,0,0,,1,True,borrowing_normal
True,Borrowing,1502,event_borrowing_name,event_borrowing_desc,2023-02-01T00:00:00,,24.0,0,0,,2,True,borrowing_epic
True,BattlePass,2001,event_bp_preseason_2001,,2023-05-01T00:00:00,2023-05-29T00:00:00,0.0,0,0,,0,True,battlepass_preseason
True,BattlePass,2002,event_bp_preseason_2002,,2023-05-29T00:00:00,2023-06-26T00:00:00,0.0,0,0,,0,True,battlepass_preseason
True,BattlePass,2003,event_bp_preseason_2003,,2023-06-26T00:00:00,2023-07-24T00:00:00,0.0,0,0,,0,True,battlepass_preseason
True,BattlePass,2004,event_bp_preseason_2004,,2023-07-24T00:00:00,2023-08-21T00:00:00,0.0,0,0,,0,True,battlepass_preseason
True,BattlePass,2005,event_bp_season_2005_name,event_bp_season_2005_desc,2023-08-21T00:00:00,2023-10-02T00:00:00,0.0,0,0,,0,True,bp_s01
True,BattlePass,2006,event_bp_season_2006_name,event_bp_season_2006_desc,2023-10-02T00:00:00,2023-11-13T00:00:00,0.0,0,0,,0,True,bp_s02
True,BattlePass,2007,event_bp_season_2007_name,event_bp_season_2007_desc,2023-11-13T00:00:00,2024-01-01T00:00:00,0.0,0,0,,0,True,bp_s03
True,BattlePass,2008,event_bp_season_2008_name,event_bp_season_2008_desc,2024-01-01T00:00:00,2024-02-15T00:00:00,0.0,0,0,,0,True,bp_s04
True,ArenaRoyale,3001,event_arenaroyale_name,event_arenaroyale_desc,2023-03-27T09:00:00,2023-04-03T09:00:00,0.0,24,40,,100,True,arenaroyale
True,ArenaRoyale,3002,event_arenaroyale_name,event_arenaroyale_desc,2023-04-03T09:00:00,2023-04-10T09:00:00,0.0,24,40,,101,True,arenaroyale
True,ArenaRoyale,3003,event_arenaroyale_name,event_arenaroyale_desc,2023-04-10T09:00:00,2023-04-17T09:00:00,0.0,24,40,,102,True,arenaroyale
True,ArenaRoyale,3004,event_arenaroyale_name,event_arenaroyale_desc,2023-04-17T09:00:00,2023-04-24T09:00:00,0.0,24,40,,103,True,arenaroyale
True,ArenaRoyale,3005,event_arenaroyale_name,event_arenaroyale_desc,2023-04-24T09:00:00,2023-05-01T09:00:00,0.0,24,40,,104,True,arenaroyale
True,ArenaRoyale,3006,event_arenaroyale_name,event_arenaroyale_desc,2023-05-01T09:00:00,2023-05-08T09:00:00,0.0,24,40,,105,True,arenaroyale
True,ArenaRoyale,3007,event_arenaroyale_name,event_arenaroyale_desc,2023-05-08T09:00:00,2023-05-15T09:00:00,0.0,24,40,,106,True,arenaroyale
True,ArenaRoyale,3008,event_arenaroyale_name,event_arenaroyale_desc,2023-05-15T09:00:00,2023-05-22T09:00:00,0.0,24,40,,107,True,arenaroyale
True,ArenaRoyale,3009,event_arenaroyale_name,event_arenaroyale_desc,2023-05-22T09:00:00,2023-05-29T09:00:00,0.0,24,40,,108,True,arenaroyale
True,ArenaRoyale,3010,event_arenaroyale_name,event_arenaroyale_desc,2023-05-29T09:00:00,2023-06-05T09:00:00,0.0,24,40,,109,True,arenaroyale
True,ArenaRoyale,3011,event_arenaroyale_name,event_arenaroyale_desc,2023-06-05T09:00:00,2023-06-12T09:00:00,0.0,24,40,,110,True,arenaroyale
True,ArenaRoyale,3012,event_arenaroyale_name,event_arenaroyale_desc,2023-06-12T09:00:00,2023-06-19T09:00:00,0.0,24,40,,111,True,arenaroyale
True,ArenaRoyale,3013,event_arenaroyale_name,event_arenaroyale_desc,2023-06-19T09:00:00,2023-06-26T09:00:00,0.0,24,40,,112,True,arenaroyale
True,ArenaRoyale,3014,event_arenaroyale_name,event_arenaroyale_desc,2023-06-26T09:00:00,2023-07-03T09:00:00,0.0,24,40,,113,True,arenaroyale
True,ArenaRoyale,3015,event_arenaroyale_name,event_arenaroyale_desc,2023-07-03T09:00:00,2023-07-10T09:00:00,0.0,24,40,,114,True,arenaroyale
True,ArenaRoyale,3016,event_arenaroyale_name,event_arenaroyale_desc,2023-07-10T09:00:00,2023-07-17T09:00:00,0.0,24,40,,115,True,arenaroyale
True,ArenaRoyale,3017,event_arenaroyale_name,event_arenaroyale_desc,2023-07-17T09:00:00,2023-07-24T09:00:00,0.0,24,40,,116,True,arenaroyale
True,ArenaRoyale,3018,event_arenaroyale_name,event_arenaroyale_desc,2023-07-24T09:00:00,2023-07-31T09:00:00,0.0,24,40,,117,True,arenaroyale
True,ArenaRoyale,3019,event_arenaroyale_name,event_arenaroyale_desc,2023-07-31T09:00:00,2023-08-07T09:00:00,0.0,24,40,,118,True,arenaroyale
True,ArenaRoyale,3020,event_arenaroyale_name,event_arenaroyale_desc,2023-08-07T09:00:00,2023-08-14T09:00:00,0.0,24,40,,119,True,arenaroyale
True,ArenaRoyale,3021,event_arenaroyale_name,event_arenaroyale_desc,2023-08-14T09:00:00,2023-08-21T09:00:00,0.0,24,40,,120,True,arenaroyale
True,ArenaRoyale,3022,event_arenaroyale_name,event_arenaroyale_desc,2023-08-21T09:00:00,2023-08-28T09:00:00,0.0,24,40,,121,True,arenaroyale
True,ArenaRoyale,3023,event_arenaroyale_name_tdm,event_arenaroyale_desc,2023-08-28T09:00:00,2023-09-04T09:00:00,0.0,24,40,,122,True,arenaroyale
True,ArenaRoyale,3024,event_arenaroyale_name_tdm,event_arenaroyale_desc,2023-09-04T09:00:00,2023-09-11T09:00:00,0.0,24,40,,123,True,arenaroyale2
True,ArenaRoyale,3025,event_arenaroyale_name_hs,event_arenaroyale_desc,2023-09-11T09:00:00,2023-09-18T09:00:00,0.0,24,40,,124,True,arenaroyale3
True,ArenaRoyale,3026,event_arenaroyale_name_tdm,event_arenaroyale_desc,2023-09-18T09:00:00,2023-09-25T09:00:00,0.0,24,40,,125,True,arenaroyale
True,ArenaRoyale,3027,event_arenaroyale_name_hs,event_arenaroyale_desc,2023-09-25T09:00:00,2023-10-02T09:00:00,0.0,24,40,,126,True,arenaroyale3
True,ArenaRoyale,3028,event_arenaroyale_name_tdm,event_arenaroyale_desc,2023-10-02T09:00:00,2023-10-09T09:00:00,0.0,24,40,,127,True,arenaroyale2
True,ArenaRoyale,3029,event_arenaroyale_name_tdm,event_arenaroyale_desc,2023-10-09T09:00:00,2023-10-16T09:00:00,0.0,24,40,,128,True,arenaroyale
True,ArenaRoyale,3030,event_arenaroyale_name_tdm,event_arenaroyale_desc,2023-10-16T09:00:00,2023-10-23T09:00:00,0.0,24,40,,129,True,arenaroyale2
True,ArenaRoyale,3031,event_arenaroyale_name_hs,event_arenaroyale_desc,2023-10-23T09:00:00,2023-10-30T09:00:00,0.0,24,40,,130,True,arenaroyale3
True,ArenaRoyale,3032,event_arenaroyale_name_tdm,event_arenaroyale_desc,2023-11-01T09:00:00,2023-12-01T09:00:00,24.0,24,40,,131,True,arena_23_11
True,ArenaRoyale,3033,event_arenaroyale_name_hs,event_arenaroyale_desc,2023-12-01T09:00:00,2024-01-03T09:00:00,24.0,24,40,,132,True,arena_23_12
True,ArenaRoyale,3034,event_arenaroyale_name_tdm,event_arenaroyale_desc,2024-01-03T09:00:00,2024-01-15T09:00:00,24.0,24,40,,133,True,arena_24_01
True,ArenaRoyale,3035,event_arenaroyale_name_tdm,event_arenaroyale_desc,2024-01-15T09:00:00,2024-01-29T09:00:00,24.0,24,40,,134,True,arena_24_02
True,ArenaRoyale,3036,event_arenaroyale_name_hs,event_arenaroyale_desc,2024-01-29T09:00:00,2024-02-12T09:00:00,24.0,24,40,,135,True,arena_24_03
True,ArenaRoyale,3037,event_arenaroyale_name_tdm,event_arenaroyale_desc,2024-02-12T09:00:00,2024-02-26T09:00:00,24.0,24,40,,136,True,arena_24_04
True,ArenaRoyale,3038,event_arenaroyale_name_rumble,event_arenaroyale_desc_rumble,2024-02-26T09:00:00,2024-03-11T09:00:00,24.0,24,40,,137,True,arena_RUM_1
True,ArenaRoyale,3039,event_arenaroyale_name_rumble,event_arenaroyale_desc_rumble,2024-03-11T09:00:00,2024-03-25T09:00:00,24.0,24,40,,138,True,arena_RUM_2
True,ArenaRoyale,3040,event_arenaroyale_name_rumble,event_arenaroyale_desc_rumble,2024-03-25T09:00:00,2024-04-08T09:00:00,24.0,24,40,,139,True,arena_RUM_3
True,ArenaRoyale,3041,event_arenaroyale_name_rumble,event_arenaroyale_desc_rumble,2024-04-08T09:00:00,2024-04-22T09:00:00,24.0,24,40,,140,True,arena_RUM_2
True,ArenaRoyale,3042,event_arenaroyale_name_rumble,event_arenaroyale_desc_rumble,2024-04-22T09:00:00,2024-05-06T09:00:00,24.0,24,40,,141,True,arena_RUM_3
True,ArenaRoyale,3043,event_arenaroyale_name_rumble,event_arenaroyale_desc_rumble,2024-05-06T09:00:00,2024-05-20T09:00:00,24.0,24,0,,142,True,arena_RUM_1
True,ArenaRoyale,3044,event_arenaroyale_name_tdm,event_arenaroyale_desc,2024-05-20T09:00:00,2024-06-03T09:00:00,24.0,24,0,,143,True,arena_24_05
True,ArenaRoyale,3045,event_arenaroyale_name_rumble,event_arenaroyale_desc_rumble,2024-06-03T09:00:00,2024-06-17T09:00:00,24.0,24,0,,144,True,arena_3045
True,ArenaRoyale,3046,event_arenaroyale_name_rumble,event_arenaroyale_desc_rumble,2024-06-17T09:00:00,2024-07-01T09:00:00,24.0,24,0,,145,True,arena_3046
True,ArenaRoyale,3047,event_arenaroyale_name_rumble,event_arenaroyale_desc_rumble,2024-07-01T09:00:00,2024-07-15T09:00:00,24.0,24,0,,146,True,arena_3047
True,ArenaRoyale,3048,event_arenaroyale_name_rumble,event_arenaroyale_desc_rumble,2024-07-15T09:00:00,2024-07-29T09:00:00,24.0,24,0,,147,True,arena_3048
True,ArenaRoyale,3049,event_arenaroyale_name_rumble,event_arenaroyale_desc_rumble,2024-07-29T09:00:00,2024-08-12T09:00:00,24.0,24,0,,148,True,arena_3049
True,ArenaRoyale,3050,event_arenaroyale_name_rumble,event_arenaroyale_desc_rumble,2024-08-12T09:00:00,2024-08-26T09:00:00,24.0,24,0,,149,True,arena_3050
True,ArenaRoyale,3051,event_arenaroyale_name_rumble,event_arenaroyale_desc_rumble,2024-08-26T09:00:00,2024-09-09T09:00:00,24.0,24,0,,150,True,arena_3051
True,ArenaRoyale,3052,event_arenaroyale_name_rumble,event_arenaroyale_desc_rumble,2024-09-09T09:00:00,2024-09-23T09:00:00,24.0,24,0,,151,True,arena_3052
True,ArenaRoyale,3053,event_arenaroyale_name_rumble,event_arenaroyale_desc_rumble,2024-09-23T09:00:00,2024-10-07T09:00:00,24.0,24,0,,152,True,arena_3053
True,ArenaRoyale,3054,event_arenaroyale_name_rumble,event_arenaroyale_desc_rumble,2024-10-07T09:00:00,2024-10-21T09:00:00,24.0,24,0,,153,True,arena_3054
True,ArenaRoyale,3055,event_arenaroyale_name_rumble,event_arenaroyale_desc_rumble,2024-10-21T09:00:00,2024-11-04T09:00:00,24.0,24,0,,154,True,arena_3055
True,ArenaRoyale,3056,event_arenaroyale_name_rumble,event_arenaroyale_desc_rumble,2024-11-04T09:00:00,2024-11-18T09:00:00,24.0,24,0,,155,True,arena_3056
True,ArenaRoyale,3057,event_arenaroyale_name_rumble,event_arenaroyale_desc_rumble,2024-11-18T09:00:00,2024-12-02T09:00:00,24.0,24,0,,156,True,arena_3057
True,ArenaRoyale,3058,event_arenaroyale_name_rumble,event_arenaroyale_desc_rumble,2024-12-02T09:00:00,2024-12-16T09:00:00,24.0,24,0,,157,True,arena_3058
True,ArenaRoyale,3059,event_arenaroyale_name_rumble,event_arenaroyale_desc_rumble,2024-12-16T09:00:00,2024-12-30T09:00:00,24.0,24,0,,158,True,arena_3059
True,ArenaRoyale,3060,event_arenaroyale_name_rumble,event_arenaroyale_desc_rumble,2024-12-30T09:00:00,2025-01-13T09:00:00,24.0,24,0,,159,True,arena_3060
True,ArenaRoyale,3061,event_arenaroyale_name_rumble,event_arenaroyale_desc_rumble,2025-01-13T09:00:00,2025-01-27T09:00:00,24.0,24,0,,160,True,arena_3061
True,ArenaRoyale,3062,event_arenaroyale_name_rumble,event_arenaroyale_desc_rumble,2025-01-27T09:00:00,2025-02-10T09:00:00,24.0,24,0,,161,True,arena_3062
True,ArenaRoyale,3063,event_arenaroyale_name_rumble,event_arenaroyale_desc_rumble,2025-02-10T09:00:00,2025-02-24T09:00:00,24.0,24,0,,162,True,arena_3063
True,ArenaRoyale,3999,event_arenaroyale_name_rumble,event_arenaroyale_desc,2024-02-13T09:00:00,2024-02-20T09:00:00,0.0,72,0,,138,True,arena_rumble_test
True,ArenaRoyale,3995,event_arenaroyale_name_rumble,event_arenaroyale_desc,2024-02-29T09:00:00,2026-05-09T09:00:00,0.0,72,0,,141,False,arena_RUM_AT_1
True,DailyVideo,4001,,,2023-04-05T00:00:00,,24.0,0,0,,0,True,dailyvideo
True,DailyLogin,5001,event_dailylogin_name,event_dailylogin_desc,2023-01-01T00:00:00,,0.0,0,0,,0,True,dailylogin_newUser
True,DailyLogin,5999,event_dailylogin_name,event_dailylogin_desc,2023-05-01T00:00:00,2023-05-31T00:00:00,0.0,0,30,,0,True,dailylogin_recurring_1
True,DailyLogin,5002,event_dailylogin_name,event_dailylogin_desc,2023-05-03T00:00:00,2023-05-13T00:00:00,0.0,0,30,,0,True,dailylogin_recurring_1
True,DailyLogin,5003,event_dailylogin_name,event_dailylogin_desc,2023-05-22T00:00:00,2023-06-01T00:00:00,0.0,0,30,,0,True,dailylogin_recurring_2
True,DailyLogin,5004,event_dailylogin_name,event_dailylogin_desc,2023-06-10T00:00:00,2023-06-20T00:00:00,0.0,0,30,,0,True,dailylogin_recurring_3
True,DailyLogin,5005,event_dailylogin_name,event_dailylogin_desc,2023-06-25T00:00:00,2023-07-05T00:00:00,0.0,0,30,,0,True,dailylogin_recurring_4
True,DailyLogin,5006,event_dailylogin_name,event_dailylogin_desc,2023-07-11T00:00:00,2023-07-21T00:00:00,0.0,0,30,,0,True,dailylogin_recurring_2
True,DailyLogin,5007,event_dailylogin_name,event_dailylogin_desc,2023-07-28T00:00:00,2023-08-07T00:00:00,0.0,0,30,,0,True,dailylogin_recurring_1
True,DailyLogin,5008,event_dailylogin_name,event_dailylogin_desc,2023-08-15T00:00:00,2023-08-25T00:00:00,0.0,0,30,,0,True,dailylogin_recurring_4
True,DailyLogin,5009,event_dailylogin_name,event_dailylogin_desc,2023-09-03T00:00:00,2023-09-13T00:00:00,0.0,0,30,,0,True,dailylogin_recurring_3
True,DailyLogin,5010,event_dailylogin_name,event_dailylogin_desc,2023-09-18T00:00:00,2023-09-28T00:00:00,0.0,0,30,,0,True,dailylogin_recurring_2
True,DailyLogin,5011,event_dailylogin_name,event_dailylogin_desc,2023-10-04T00:00:00,2023-10-14T00:00:00,0.0,0,30,,0,True,dailylogin_recurring_4
True,DailyLogin,5012,event_dailylogin_name,event_dailylogin_desc,2023-12-22T00:00:00,2024-01-01T00:00:00,0.0,0,30,,0,True,dailylogin_recurring_1
True,DailyLogin,5013,event_dailylogin_name,event_dailylogin_desc,2024-01-09T00:00:00,2024-01-19T00:00:00,0.0,0,30,,0,True,dailylogin_recurring_4
True,DailyLogin,5014,event_dailylogin_name,event_dailylogin_desc,2024-01-28T00:00:00,2024-02-07T00:00:00,0.0,0,30,,0,True,dailylogin_recurring_3
True,DailyLogin,5015,event_dailylogin_name,event_dailylogin_desc,2024-02-12T00:00:00,2024-02-22T00:00:00,0.0,0,30,,0,True,dailylogin_recurring_2
True,DailyLogin,5016,event_dailylogin_name,event_dailylogin_desc,2024-02-28T00:00:00,2024-03-09T00:00:00,0.0,0,30,,0,True,dailylogin_recurring_1
True,DailyLogin,5017,event_dailylogin_name,event_dailylogin_desc,2024-03-16T00:00:00,2024-03-26T00:00:00,0.0,0,30,,0,True,dailylogin_recurring_4
True,DailyLogin,5018,event_dailylogin_name,event_dailylogin_desc,2024-04-08T00:00:00,2024-04-18T00:00:00,0.0,0,30,,0,True,dailylogin_recurring_2
True,DailyLogin,5019,event_dailylogin_name,event_dailylogin_desc,2024-05-02T00:00:00,2024-05-12T00:00:00,0.0,0,30,,0,True,dailylogin_recurring_1
True,DailyLogin,5020,event_dailylogin_name,event_dailylogin_desc,2024-05-22T00:00:00,2024-06-01T00:00:00,0.0,0,30,,0,True,dailylogin_recurring_4
True,DailyLogin,5021,event_dailylogin_name,event_dailylogin_desc,2024-06-12T00:00:00,2024-06-22T00:00:00,0.0,0,30,,0,True,dailylogin_recurring_3
True,DailyLogin,5022,event_dailylogin_name,event_dailylogin_desc,2024-07-04T00:00:00,2024-07-14T00:00:00,0.0,0,30,,0,True,dailylogin_recurring_4
True,DailyLogin,5023,event_dailylogin_name,event_dailylogin_desc,2024-07-27T00:00:00,2024-08-06T00:00:00,0.0,0,30,,0,True,dailylogin_recurring_2
True,DailyLogin,5024,event_dailylogin_name,event_dailylogin_desc,2024-08-20T00:00:00,2024-08-30T00:00:00,0.0,0,30,,0,True,dailylogin_recurring_3
True,DailyLogin,5025,event_dailylogin_name,event_dailylogin_desc,2024-09-14T00:00:00,2024-09-24T00:00:00,0.0,0,30,,0,True,dailylogin_recurring_2
True,DailyLogin,5026,event_dailylogin_name,event_dailylogin_desc,2024-10-10T00:00:00,2024-10-20T00:00:00,0.0,0,30,,0,True,dailylogin_recurring_4
True,DailyLogin,5027,event_dailylogin_name,event_dailylogin_desc,2024-11-06T00:00:00,2024-11-16T00:00:00,0.0,0,30,,0,True,dailylogin_recurring_3
True,DailyLogin,5028,event_dailylogin_name,event_dailylogin_desc,2024-12-04T00:00:00,2024-12-14T00:00:00,0.0,0,30,,0,True,dailylogin_recurring_2
True,DailyLogin,5029,event_dailylogin_name,event_dailylogin_desc,2025-01-02T00:00:00,2025-01-12T00:00:00,0.0,0,30,,0,True,dailylogin_recurring_1
True,DailyLogin,5030,event_dailylogin_name,event_dailylogin_desc,2025-01-22T00:00:00,2025-02-01T00:00:00,0.0,0,30,,0,True,dailylogin_recurring_3
True,DailyLogin,5031,event_dailylogin_name,event_dailylogin_desc,2025-02-12T00:00:00,2025-02-22T00:00:00,0.0,0,30,,0,True,dailylogin_recurring_2
True,DailyLogin,5032,event_dailylogin_name,event_dailylogin_desc,2025-03-06T00:00:00,2025-03-16T00:00:00,0.0,0,30,,0,True,dailylogin_recurring_4
True,DailyLogin,5033,event_dailylogin_name,event_dailylogin_desc,2025-03-29T00:00:00,2025-04-08T00:00:00,0.0,0,30,,0,True,dailylogin_recurring_3
True,DailyLogin,5034,event_dailylogin_name,event_dailylogin_desc,2025-04-22T00:00:00,2025-05-02T00:00:00,0.0,0,30,,0,True,dailylogin_recurring_1
True,DailyLogin,5035,event_dailylogin_name,event_dailylogin_desc,2025-05-17T00:00:00,2025-05-27T00:00:00,0.0,0,30,,0,True,dailylogin_recurring_2
True,DailyLogin,5036,event_dailylogin_name,event_dailylogin_desc,2025-06-12T00:00:00,2025-06-22T00:00:00,0.0,0,30,,0,True,dailylogin_recurring_3
True,DailyLogin,5037,event_dailylogin_name,event_dailylogin_desc,2025-07-09T00:00:00,2025-07-19T00:00:00,0.0,0,30,,0,True,dailylogin_recurring_2
True,DailyLogin,5038,event_dailylogin_name,event_dailylogin_desc,2025-08-06T00:00:00,2025-08-16T00:00:00,0.0,0,30,,0,True,dailylogin_recurring_4
True,DailyLogin,5039,event_dailylogin_name,event_dailylogin_desc,2025-09-04T00:00:00,2025-09-14T00:00:00,0.0,0,30,,0,True,dailylogin_recurring_3
True,DailyLogin,5040,event_dailylogin_name,event_dailylogin_desc,2025-09-24T00:00:00,2025-10-04T00:00:00,0.0,0,30,,0,True,dailylogin_recurring_1
True,DailyLogin,5041,event_dailylogin_name,event_dailylogin_desc,2025-10-15T00:00:00,2025-10-25T00:00:00,0.0,0,30,,0,True,dailylogin_recurring_2
True,DailyLogin,5042,event_dailylogin_name,event_dailylogin_desc,2025-11-06T00:00:00,2025-11-16T00:00:00,0.0,0,30,,0,True,dailylogin_recurring_4
True,DailyLogin,5043,event_dailylogin_name,event_dailylogin_desc,2025-11-29T00:00:00,2025-12-09T00:00:00,0.0,0,30,,0,True,dailylogin_recurring_1
True,DailyLogin,5044,event_dailylogin_name,event_dailylogin_desc,2025-12-23T00:00:00,2026-01-02T00:00:00,0.0,0,30,,0,True,dailylogin_recurring_3
True,DailyLogin,5045,event_dailylogin_name,event_dailylogin_desc,2026-01-17T00:00:00,2026-01-27T00:00:00,0.0,0,30,,0,True,dailylogin_recurring_2
True,DailyLogin,5046,event_dailylogin_name,event_dailylogin_desc,2026-02-12T00:00:00,2026-02-22T00:00:00,0.0,0,30,,0,True,dailylogin_recurring_4
True,DailyLogin,5047,event_dailylogin_name,event_dailylogin_desc,2026-03-11T00:00:00,2026-03-21T00:00:00,0.0,0,30,,0,True,dailylogin_recurring_1
True,DailyLogin,5048,event_dailylogin_name,event_dailylogin_desc,2026-04-08T00:00:00,2026-04-18T00:00:00,0.0,0,30,,0,True,dailylogin_recurring_3
True,DailyLogin,5049,event_dailylogin_name,event_dailylogin_desc,2026-05-07T00:00:00,2026-05-17T00:00:00,0.0,0,30,,0,True,dailylogin_recurring_2
True,ChallengeEvent,6001,event_challenge_name,event_challenge_desc,2023-09-12T00:00:00,2023-09-14T00:00:00,0.0,0,50,,0,True,challenge_event_TDM
True,ChallengeEvent,6002,event_challenge_name,event_challenge_desc,2023-09-13T00:00:00,2023-09-15T00:00:00,0.0,0,50,,0,True,challenge_event_HS
True,ChallengeEvent,6003,event_challenge_name,event_challenge_desc,2023-09-14T00:00:00,2023-09-16T00:00:00,0.0,0,50,,0,True,challenge_event_TDM
True,ChallengeEvent,6004,event_challenge_name,event_challenge_desc,2023-09-15T00:00:00,2023-09-17T00:00:00,0.0,0,50,,0,True,challenge_event_HS
True,ChallengeEvent,6005,event_challenge_name,event_challenge_desc,2023-09-16T00:00:00,2023-09-18T00:00:00,0.0,0,50,,0,True,challenge_event_TDM
True,ChallengeEvent,6006,event_challenge_name,event_challenge_desc,2023-09-17T00:00:00,2023-09-19T00:00:00,0.0,0,50,,0,True,challenge_event_HS
True,DailyLogin,5101,event_halloween_dailylogin_name,event_halloween_dailylogin_desc,2023-10-28T00:00:00,2023-11-09T00:00:00,0.0,0,30,,0,True,dailylogin_halloween_2023
True,MissionEvent,7001,event_mission_name,event_mission_desc,2023-01-01T00:00:00,,0.0,0,5,,0,True,missionEvent_newUser
True,UpgradeCostDiscountEvent,8001,event_upgradecostdiscount_xmas_name,event_upgradecostdiscount_xmas_desc,2023-12-20T00:00:00,2023-12-30T00:00:00,0.0,0,5,,0,True,upgrade_cost_discount_25
True,UpgradeCostDiscountEvent,8003,event_upgradecostdiscount_20_name,event_upgradecostdiscount_winter_desc,2024-01-24T00:00:00,2024-01-27T00:00:00,0.0,0,5,,0,True,upgrade_cost_discount_20
True,UpgradeCostDiscountEvent,8004,event_upgradecostdiscount_20_name,event_upgradecostdiscount_winter_desc,2024-02-08T00:00:00,2024-02-11T00:00:00,0.0,0,5,,0,True,upgrade_cost_discount_20
True,UpgradeCostDiscountEvent,8005,event_upgradecostdiscount_30_name,event_upgradecostdiscount_30_desc,2024-02-13T17:00:00,2024-02-21T17:00:00,0.0,0,5,,0,True,upgrade_cost_discount_30
True,UpgradeCostDiscountEvent,8006,event_upgradecostdiscount_20_name,event_upgradecostdiscount_20_desc,2024-03-15T00:00:00,2024-03-18T00:00:00,0.0,0,5,,0,True,upgrade_cost_discount_20
True,UpgradeCostDiscountEvent,8007,event_upgradecostdiscount_25_name,event_upgradecostdiscount_25_desc,2024-04-27T00:00:00,2024-04-30T00:00:00,0.0,0,5,,0,True,upgrade_cost_discount_25
True,UpgradeCostDiscountEvent,8008,event_upgradecostdiscount_20_name,event_upgradecostdiscount_20_desc,2024-06-02T00:00:00,2024-06-05T00:00:00,0.0,0,5,,0,True,upgrade_cost_discount_20
True,UpgradeCostDiscountEvent,8009,event_upgradecostdiscount_25_name,event_upgradecostdiscount_25_desc,2024-06-23T00:00:00,2024-06-26T00:00:00,0.0,0,5,,0,True,upgrade_cost_discount_25
True,UpgradeCostDiscountEvent,8010,event_upgradecostdiscount_20_name,event_upgradecostdiscount_20_desc,2024-08-01T00:00:00,2024-08-04T00:00:00,0.0,0,5,,0,True,upgrade_cost_discount_20
True,UpgradeCostDiscountEvent,8011,event_upgradecostdiscount_25_name,event_upgradecostdiscount_25_desc,2024-09-05T00:00:00,2024-09-08T00:00:00,0.0,0,5,,0,True,upgrade_cost_discount_25
True,UpgradeCostDiscountEvent,8012,event_upgradecostdiscount_20_name,event_upgradecostdiscount_20_desc,2024-10-10T00:00:00,2024-10-13T00:00:00,0.0,0,5,,0,True,upgrade_cost_discount_20
True,UpgradeCostDiscountEvent,8013,event_upgradecostdiscount_25_name,event_upgradecostdiscount_25_desc,2024-11-14T00:00:00,2024-11-17T00:00:00,0.0,0,5,,0,True,upgrade_cost_discount_25
True,UpgradeCostDiscountEvent,8014,event_upgradecostdiscount_xmas_name,event_upgradecostdiscount_xmas_desc,2024-12-20T00:00:00,2024-12-30T00:00:00,0.0,0,5,,0,True,upgrade_cost_discount_20
True,UpgradeCostDiscountEvent,8015,event_upgradecostdiscount_25_name,event_upgradecostdiscount_25_desc,2025-01-23T00:00:00,2025-01-26T00:00:00,0.0,0,5,,0,True,upgrade_cost_discount_25
True,EventCollection,10001,event_dragonnewyear_name,event_dragonnewyear_desc,2024-02-08T00:00:00,2024-02-22T00:00:00,0.0,72,8,,0,True,liveEvent_dragonNewYear
True,DailyLogin,10001_1,event_dragonnewyear_login_name,event_dragonnewyear_login_desc,2024-02-08T00:00:00,2024-02-22T00:00:00,0.0,0,0,10001,1,False,dailylogin_dragonNewYear
True,BattlePass,10001_2,event_dragonnewyear_battlepass_name,event_dragonnewyear_battlepass_desc,2024-02-08T00:00:00,2024-02-22T00:00:00,0.0,0,0,10001,2,False,bp_dragonNewYear
True,MissionEvent,10001_3_1,event_dragonnewyear_missionevent_name_1,event_dragonnewyear_missionevent_desc,2024-02-08T00:00:00,2024-02-22T00:00:00,0.0,300,0,10001,3,False,missionEvent_dragonNewYear_day1
True,MissionEvent,10001_3_2,event_dragonnewyear_missionevent_name_2,event_dragonnewyear_missionevent_desc,2024-02-09T00:00:00,2024-02-22T00:00:00,0.0,300,0,10001,4,False,missionEvent_dragonNewYear_day2
True,MissionEvent,10001_3_3,event_dragonnewyear_missionevent_name_3,event_dragonnewyear_missionevent_desc,2024-02-10T00:00:00,2024-02-22T00:00:00,0.0,300,0,10001,5,False,missionEvent_dragonNewYear_day3
True,MissionEvent,10001_3_4,event_dragonnewyear_missionevent_name_4,event_dragonnewyear_missionevent_desc,2024-02-11T00:00:00,2024-02-22T00:00:00,0.0,300,0,10001,6,False,missionEvent_dragonNewYear_day4
True,MissionEvent,10001_3_5,event_dragonnewyear_missionevent_name_5,event_dragonnewyear_missionevent_desc,2024-02-12T00:00:00,2024-02-22T00:00:00,0.0,300,0,10001,7,False,missionEvent_dragonNewYear_day5
True,MissionEvent,10001_3_6,event_dragonnewyear_missionevent_name_6,event_dragonnewyear_missionevent_desc,2024-02-13T00:00:00,2024-02-22T00:00:00,0.0,300,0,10001,8,False,missionEvent_dragonNewYear_day6
True,MissionEvent,10001_3_7,event_dragonnewyear_missionevent_name_7,event_dragonnewyear_missionevent_desc,2024-02-14T00:00:00,2024-02-22T00:00:00,0.0,300,0,10001,9,False,missionEvent_dragonNewYear_day7
True,MissionEvent,10001_3_8,event_dragonnewyear_missionevent_name_8,event_dragonnewyear_missionevent_desc,2024-02-15T00:00:00,2024-02-22T00:00:00,0.0,300,0,10001,10,False,missionEvent_dragonNewYear_day8
True,MissionEvent,10001_3_9,event_dragonnewyear_missionevent_name_9,event_dragonnewyear_missionevent_desc,2024-02-16T00:00:00,2024-02-22T00:00:00,0.0,300,0,10001,11,False,missionEvent_dragonNewYear_day9
True,MissionEvent,10001_3_10,event_dragonnewyear_missionevent_name_10,event_dragonnewyear_missionevent_desc,2024-02-17T00:00:00,2024-02-22T00:00:00,0.0,300,0,10001,12,False,missionEvent_dragonNewYear_day10
True,EventCollection,10002,event_ragnarok_name,event_ragnarok_desc,2024-05-07T09:00:00,2024-05-21T09:00:00,0.0,72,8,,0,False,liveEvent_ragnarok
True,BattlePass,10002_1,event_ragnarok_battlepass_name,event_ragnarok_battlepass_desc,2024-05-07T09:00:00,2024-05-21T09:00:00,0.0,72,0,,2,True,bp_ragnarok
True,MissionEvent,10002_3_1,event_ragnarok_missionevent_name_1,event_ragnarok_missionevent_desc,2024-05-07T09:00:00,2024-05-21T09:00:00,0.0,300,0,10002_1,3,False,missionEvent_ragnarok_day1
True,MissionEvent,10002_3_2,event_ragnarok_missionevent_name_2,event_ragnarok_missionevent_desc,2024-05-08T09:00:00,2024-05-21T09:00:00,0.0,300,0,10002_1,4,False,missionEvent_ragnarok_day2
True,MissionEvent,10002_3_3,event_ragnarok_missionevent_name_3,event_ragnarok_missionevent_desc,2024-05-09T09:00:00,2024-05-21T09:00:00,0.0,300,0,10002_1,5,False,missionEvent_ragnarok_day3
True,MissionEvent,10002_3_4,event_ragnarok_missionevent_name_4,event_ragnarok_missionevent_desc,2024-05-10T09:00:00,2024-05-21T09:00:00,0.0,300,0,10002_1,6,False,missionEvent_ragnarok_day4
True,MissionEvent,10002_3_5,event_ragnarok_missionevent_name_5,event_ragnarok_missionevent_desc,2024-05-11T09:00:00,2024-05-21T09:00:00,0.0,300,0,10002_1,7,False,missionEvent_ragnarok_day5
True,MissionEvent,10002_3_6,event_ragnarok_missionevent_name_6,event_ragnarok_missionevent_desc,2024-05-12T09:00:00,2024-05-21T09:00:00,0.0,300,0,10002_1,8,False,missionEvent_ragnarok_day6
True,MissionEvent,10002_3_7,event_ragnarok_missionevent_name_7,event_ragnarok_missionevent_desc,2024-05-13T09:00:00,2024-05-21T09:00:00,0.0,300,0,10002_1,9,False,missionEvent_ragnarok_day7
True,MissionEvent,10002_3_8,event_ragnarok_missionevent_name_8,event_ragnarok_missionevent_desc,2024-05-14T09:00:00,2024-05-21T09:00:00,0.0,300,0,10002_1,10,False,missionEvent_ragnarok_day8
True,MissionEvent,10002_3_9,event_ragnarok_missionevent_name_9,event_ragnarok_missionevent_desc,2024-05-15T09:00:00,2024-05-21T09:00:00,0.0,300,0,10002_1,11,False,missionEvent_ragnarok_day9
True,MissionEvent,10002_3_10,event_ragnarok_missionevent_name_10,event_ragnarok_missionevent_desc,2024-05-16T09:00:00,2024-05-21T09:00:00,0.0,300,0,10002_1,12,False,missionEvent_ragnarok_day10
True,DailyLogin,10002_2,event_ragnarok_login_name,event_ragnarok_login_desc,2024-05-07T09:00:00,2024-05-21T09:00:00,0.0,0,0,,1,True,dailylogin_ragnarok
True,EventCollection,10003,event_hellfire_name,event_hellfire_desc,2024-06-24T09:00:00,2024-07-08T09:00:00,0.0,72,8,,0,False,liveEvent_hellfire
True,BattlePass,10003_1,event_hellfire_battlepass_name,event_hellfire_battlepass_desc,2024-06-24T09:00:00,2024-07-08T09:00:00,0.0,72,0,,2,True,bp_hellfire
True,MissionEvent,10003_3_1,event_hellfire_missionevent_name_1,event_hellfire_missionevent_desc,2024-06-24T09:00:00,2024-07-08T09:00:00,0.0,300,0,10003_1,3,False,missionEvent_hellfire_day1
True,MissionEvent,10003_3_2,event_hellfire_missionevent_name_2,event_hellfire_missionevent_desc,2024-06-25T09:00:00,2024-07-08T09:00:00,0.0,300,0,10003_1,4,False,missionEvent_hellfire_day2
True,MissionEvent,10003_3_3,event_hellfire_missionevent_name_3,event_hellfire_missionevent_desc,2024-06-26T09:00:00,2024-07-08T09:00:00,0.0,300,0,10003_1,5,False,missionEvent_hellfire_day3
True,MissionEvent,10003_3_4,event_hellfire_missionevent_name_4,event_hellfire_missionevent_desc,2024-06-27T09:00:00,2024-07-08T09:00:00,0.0,300,0,10003_1,6,False,missionEvent_hellfire_day4
True,MissionEvent,10003_3_5,event_hellfire_missionevent_name_5,event_hellfire_missionevent_desc,2024-06-28T09:00:00,2024-07-08T09:00:00,0.0,300,0,10003_1,7,False,missionEvent_hellfire_day5
True,MissionEvent,10003_3_6,event_hellfire_missionevent_name_6,event_hellfire_missionevent_desc,2024-06-29T09:00:00,2024-07-08T09:00:00,0.0,300,0,10003_1,8,False,missionEvent_hellfire_day6
True,MissionEvent,10003_3_7,event_hellfire_missionevent_name_7,event_hellfire_missionevent_desc,2024-06-30T09:00:00,2024-07-08T09:00:00,0.0,300,0,10003_1,9,False,missionEvent_hellfire_day7
True,MissionEvent,10003_3_8,event_hellfire_missionevent_name_8,event_hellfire_missionevent_desc,2024-07-01T09:00:00,2024-07-08T09:00:00,0.0,300,0,10003_1,10,False,missionEvent_hellfire_day8
True,MissionEvent,10003_3_9,event_hellfire_missionevent_name_9,event_hellfire_missionevent_desc,2024-07-02T09:00:00,2024-07-08T09:00:00,0.0,300,0,10003_1,11,False,missionEvent_hellfire_day9
True,MissionEvent,10003_3_10,event_hellfire_missionevent_name_10,event_hellfire_missionevent_desc,2024-07-03T09:00:00,2024-07-08T09:00:00,0.0,300,0,10003_1,12,False,missionEvent_hellfire_day10
True,DailyLogin,10003_2,event_hellfire_login_name,event_hellfire_login_desc,2024-06-24T09:00:00,2024-07-08T09:00:00,0.0,0,0,,1,True,dailylogin_hellfire
True,EventCollection,10004,event_galactic_name,event_galactic_desc,2024-08-14T09:00:00,2024-08-28T09:00:00,0.0,72,8,,0,False,liveEvent_galactic
True,BattlePass,10004_1,event_galactic_battlepass_name,event_galactic_battlepass_desc,2024-08-14T09:00:00,2024-08-28T09:00:00,0.0,72,0,,2,True,bp_galactic
True,MissionEvent,10004_3_1,event_galactic_missionevent_name_1,event_galactic_missionevent_desc,2024-08-14T09:00:00,2024-08-28T09:00:00,0.0,300,0,10004_1,3,False,missionEvent_galactic_day1
True,MissionEvent,10004_3_2,event_galactic_missionevent_name_2,event_galactic_missionevent_desc,2024-08-15T09:00:00,2024-08-28T09:00:00,0.0,300,0,10004_1,4,False,missionEvent_galactic_day2
True,MissionEvent,10004_3_3,event_galactic_missionevent_name_3,event_galactic_missionevent_desc,2024-08-16T09:00:00,2024-08-28T09:00:00,0.0,300,0,10004_1,5,False,missionEvent_galactic_day3
True,MissionEvent,10004_3_4,event_galactic_missionevent_name_4,event_galactic_missionevent_desc,2024-08-17T09:00:00,2024-08-28T09:00:00,0.0,300,0,10004_1,6,False,missionEvent_galactic_day4
True,MissionEvent,10004_3_5,event_galactic_missionevent_name_5,event_galactic_missionevent_desc,2024-08-18T09:00:00,2024-08-28T09:00:00,0.0,300,0,10004_1,7,False,missionEvent_galactic_day5
True,MissionEvent,10004_3_6,event_galactic_missionevent_name_6,event_galactic_missionevent_desc,2024-08-19T09:00:00,2024-08-28T09:00:00,0.0,300,0,10004_1,8,False,missionEvent_galactic_day6
True,MissionEvent,10004_3_7,event_galactic_missionevent_name_7,event_galactic_missionevent_desc,2024-08-20T09:00:00,2024-08-28T09:00:00,0.0,300,0,10004_1,9,False,missionEvent_galactic_day7
True,MissionEvent,10004_3_8,event_galactic_missionevent_name_8,event_galactic_missionevent_desc,2024-08-21T09:00:00,2024-08-28T09:00:00,0.0,300,0,10004_1,10,False,missionEvent_galactic_day8
True,MissionEvent,10004_3_9,event_galactic_missionevent_name_9,event_galactic_missionevent_desc,2024-08-22T09:00:00,2024-08-28T09:00:00,0.0,300,0,10004_1,11,False,missionEvent_galactic_day9
True,MissionEvent,10004_3_10,event_galactic_missionevent_name_10,event_galactic_missionevent_desc,2024-08-23T09:00:00,2024-08-28T09:00:00,0.0,300,0,10004_1,12,False,missionEvent_galactic_day10
True,DailyLogin,10004_2,event_galactic_login_name,event_galactic_login_desc,2024-08-14T09:00:00,2024-08-28T09:00:00,0.0,0,0,,1,True,dailylogin_galactic
True,BattlePass,2009,event_bp_season_2009_name,event_bp_season_2009_desc,2024-02-15T00:00:00,2024-04-04T00:00:00,0.0,0,0,,0,True,bp_s05
True,MissionEvent,2009_weekly_1,,,2024-02-15T00:00:00,2024-04-04T00:00:00,0.0,0,0,2009,0,False,bp_s05_missionEvent_weekly_1
True,MissionEvent,2009_weekly_2,,,2024-02-22T00:00:00,2024-04-04T00:00:00,0.0,0,0,2009,0,False,bp_s05_missionEvent_weekly_2
True,MissionEvent,2009_weekly_3,,,2024-02-29T00:00:00,2024-04-04T00:00:00,0.0,0,0,2009,0,False,bp_s05_missionEvent_weekly_3
True,MissionEvent,2009_weekly_4,,,2024-03-07T00:00:00,2024-04-04T00:00:00,0.0,0,0,2009,0,False,bp_s05_missionEvent_weekly_4
True,MissionEvent,2009_weekly_5,,,2024-03-14T00:00:00,2024-04-04T00:00:00,0.0,0,0,2009,0,False,bp_s05_missionEvent_weekly_5
True,MissionEvent,2009_weekly_6,,,2024-03-21T00:00:00,2024-04-04T00:00:00,0.0,0,0,2009,0,False,bp_s05_missionEvent_weekly_6
True,MissionEvent,2009_featured,,,2024-02-15T00:00:00,2024-04-04T00:00:00,0.0,0,0,2009,0,False,bp_s05_missionEvent_featured
True,MissionEvent,2009_challenge,,,2024-02-15T00:00:00,2024-04-04T00:00:00,0.0,0,0,2009,0,False,bp_s05_missionEvent_challenge
True,BattlePass,2010,event_bp_season_2010_name,event_bp_season_2010_desc,2024-04-04T00:00:00,2024-05-19T00:00:00,0.0,0,0,,0,True,bp_s06
True,MissionEvent,2010_weekly_1,,,2024-04-04T00:00:00,2024-05-19T00:00:00,0.0,0,0,2010,0,False,bp_s06_missionEvent_weekly_1
True,MissionEvent,2010_weekly_2,,,2024-04-11T00:00:00,2024-05-19T00:00:00,0.0,0,0,2010,0,False,bp_s06_missionEvent_weekly_2
True,MissionEvent,2010_weekly_3,,,2024-04-18T00:00:00,2024-05-19T00:00:00,0.0,0,0,2010,0,False,bp_s06_missionEvent_weekly_3
True,MissionEvent,2010_weekly_4,,,2024-04-25T00:00:00,2024-05-19T00:00:00,0.0,0,0,2010,0,False,bp_s06_missionEvent_weekly_4
True,MissionEvent,2010_weekly_5,,,2024-05-02T00:00:00,2024-05-19T00:00:00,0.0,0,0,2010,0,False,bp_s06_missionEvent_weekly_5
True,MissionEvent,2010_weekly_6,,,2024-05-09T00:00:00,2024-05-19T00:00:00,0.0,0,0,2010,0,False,bp_s06_missionEvent_weekly_6
True,MissionEvent,2010_featured,,,2024-04-04T00:00:00,2024-05-19T00:00:00,0.0,0,0,2010,0,False,bp_s06_missionEvent_featured
True,MissionEvent,2010_challenge,,,2024-04-04T00:00:00,2024-05-19T00:00:00,0.0,0,0,2010,0,False,bp_s06_missionEvent_challenge
True,BattlePass,2011,event_bp_season_2011_name,event_bp_season_2011_desc,2024-05-19T00:00:00,2024-07-03T00:00:00,0.0,0,0,,0,True,bp_s07
True,MissionEvent,2011_weekly_1,,,2024-05-19T00:00:00,2024-07-03T00:00:00,0.0,0,0,2011,0,False,bp_s07_missionEvent_weekly_1
True,MissionEvent,2011_weekly_2,,,2024-05-26T00:00:00,2024-07-03T00:00:00,0.0,0,0,2011,0,False,bp_s07_missionEvent_weekly_2
True,MissionEvent,2011_weekly_3,,,2024-06-02T00:00:00,2024-07-03T00:00:00,0.0,0,0,2011,0,False,bp_s07_missionEvent_weekly_3
True,MissionEvent,2011_weekly_4,,,2024-06-09T00:00:00,2024-07-03T00:00:00,0.0,0,0,2011,0,False,bp_s07_missionEvent_weekly_4
True,MissionEvent,2011_weekly_5,,,2024-06-16T00:00:00,2024-07-03T00:00:00,0.0,0,0,2011,0,False,bp_s07_missionEvent_weekly_5
True,MissionEvent,2011_weekly_6,,,2024-06-23T00:00:00,2024-07-03T00:00:00,0.0,0,0,2011,0,False,bp_s07_missionEvent_weekly_6
True,MissionEvent,2011_featured,,,2024-05-19T00:00:00,2024-07-03T00:00:00,0.0,0,0,2011,0,False,bp_s07_missionEvent_featured
True,MissionEvent,2011_challenge,,,2024-05-19T00:00:00,2024-07-03T00:00:00,0.0,0,0,2011,0,False,bp_s07_missionEvent_challenge
True,BattlePass,2012,event_bp_season_2012_name,event_bp_season_2012_desc,2024-07-03T00:00:00,2024-08-17T00:00:00,0.0,0,0,,0,True,bp_s08
True,MissionEvent,2012_weekly_1,,,2024-07-03T00:00:00,2024-08-17T00:00:00,0.0,0,0,2012,0,False,bp_s08_missionEvent_weekly_1
True,MissionEvent,2012_weekly_2,,,2024-07-10T00:00:00,2024-08-17T00:00:00,0.0,0,0,2012,0,False,bp_s08_missionEvent_weekly_2
True,MissionEvent,2012_weekly_3,,,2024-07-17T00:00:00,2024-08-17T00:00:00,0.0,0,0,2012,0,False,bp_s08_missionEvent_weekly_3
True,MissionEvent,2012_weekly_4,,,2024-07-24T00:00:00,2024-08-17T00:00:00,0.0,0,0,2012,0,False,bp_s08_missionEvent_weekly_4
True,MissionEvent,2012_weekly_5,,,2024-07-31T00:00:00,2024-08-17T00:00:00,0.0,0,0,2012,0,False,bp_s08_missionEvent_weekly_5
True,MissionEvent,2012_weekly_6,,,2024-08-07T00:00:00,2024-08-17T00:00:00,0.0,0,0,2012,0,False,bp_s08_missionEvent_weekly_6
True,MissionEvent,2012_featured,,,2024-07-03T00:00:00,2024-08-17T00:00:00,0.0,0,0,2012,0,False,bp_s08_missionEvent_featured
True,MissionEvent,2012_challenge,,,2024-07-03T00:00:00,2024-08-17T00:00:00,0.0,0,0,2012,0,False,bp_s08_missionEvent_challenge
True,BattlePass,2013,event_bp_season_2013_name,event_bp_season_2013_desc,2024-08-17T00:00:00,2024-10-01T00:00:00,0.0,0,0,,0,True,bp_s09
True,MissionEvent,2013_weekly_1,,,2024-08-17T00:00:00,2024-10-01T00:00:00,0.0,0,0,2013,0,False,bp_s09_missionEvent_weekly_1
True,MissionEvent,2013_weekly_2,,,2024-08-24T00:00:00,2024-10-01T00:00:00,0.0,0,0,2013,0,False,bp_s09_missionEvent_weekly_2
True,MissionEvent,2013_weekly_3,,,2024-08-31T00:00:00,2024-10-01T00:00:00,0.0,0,0,2013,0,False,bp_s09_missionEvent_weekly_3
True,MissionEvent,2013_weekly_4,,,2024-09-07T00:00:00,2024-10-01T00:00:00,0.0,0,0,2013,0,False,bp_s09_missionEvent_weekly_4
True,MissionEvent,2013_weekly_5,,,2024-09-14T00:00:00,2024-10-01T00:00:00,0.0,0,0,2013,0,False,bp_s09_missionEvent_weekly_5
True,MissionEvent,2013_weekly_6,,,2024-09-21T00:00:00,2024-10-01T00:00:00,0.0,0,0,2013,0,False,bp_s09_missionEvent_weekly_6
True,MissionEvent,2013_featured,,,2024-08-17T00:00:00,2024-10-01T00:00:00,0.0,0,0,2013,0,False,bp_s09_missionEvent_featured
True,MissionEvent,2013_challenge,,,2024-08-17T00:00:00,2024-10-01T00:00:00,0.0,0,0,2013,0,False,bp_s09_missionEvent_challenge
True,Breeding,11001,,,2024-03-29T09:00:00,,0.0,720,0,,0,False,breeding_unlock_apes
True,FeatureUnlock,12001,breeding,,2024-03-01T09:00:00,,0.0,0,0,,0,False,
True,FeatureUnlock,12003,weaponlevelcap,,2024-03-11T09:00:00,,0.0,0,0,,0,False,
True,FeatureUnlock,12002,playerprofile,,2024-05-01T09:00:00,,0.0,0,0,,0,False,
True,FeatureUnlock,12004,character_skins,,2030-10-01T09:00:00,,0.0,0,0,,0,False,
True,FeatureUnlock,12005,character_recruitment,,2030-10-01T09:00:00,,0.0,0,0,,0,False,
True,FeatureUnlock,12006,vip subscription,,2024-05-19T00:00:00,,0.0,0,0,,0,False,
True,FeatureUnlock,12007,creator code,,2030-05-01T09:00:00,,0.0,0,0,,0,False,
True,MissionEvent,13001,event_mission_recurring_playweapon_dragonbreath_name,event_mission_recurring_playweapon_dragonbreath_desc,2024-04-02T00:00:00,2024-04-05T00:00:00,0.0,0,50,,0,True,missionEvent_recurring_playweapon_dragonbreath
True,MissionEvent,13002,event_mission_recurring_playweapon_shotgun_name,event_mission_recurring_playweapon_shotgun_desc,2024-04-16T00:00:00,2024-04-19T00:00:00,0.0,0,50,,0,True,missionEvent_recurring_playweapon_shotgun
True,MissionEvent,13003,event_mission_recurring_playweapon_assaultgun_name,event_mission_recurring_playweapon_assaultgun_desc,2024-05-01T00:00:00,2024-05-04T00:00:00,0.0,0,50,,0,True,missionEvent_recurring_playweapon_assaultgun
True,MissionEvent,13004,event_mission_recurring_playweapon_railgun_name,event_mission_recurring_playweapon_railgun_desc,2024-05-17T00:00:00,2024-05-20T00:00:00,0.0,0,50,,0,True,missionEvent_recurring_playweapon_railgun
True,MissionEvent,13005,event_mission_recurring_playweapon_mortargun_name,event_mission_recurring_playweapon_mortargun_desc,2024-06-03T00:00:00,2024-06-06T00:00:00,0.0,0,50,,0,True,missionEvent_recurring_playweapon_mortargun
True,MissionEvent,13006,event_mission_recurring_playweapon_teslagun_name,event_mission_recurring_playweapon_teslagun_desc,2024-06-21T00:00:00,2024-06-24T00:00:00,0.0,0,50,,0,True,missionEvent_recurring_playweapon_teslagun
True,MissionEvent,13007,event_mission_recurring_playweapon_shotgun_name,event_mission_recurring_playweapon_shotgun_desc,2024-07-10T00:00:00,2024-07-13T00:00:00,0.0,0,50,,0,True,missionEvent_recurring_playweapon_shotgun
True,MissionEvent,13008,event_mission_recurring_playweapon_assaultgun_name,event_mission_recurring_playweapon_assaultgun_desc,2024-07-30T00:00:00,2024-08-02T00:00:00,0.0,0,50,,0,True,missionEvent_recurring_playweapon_assaultgun
True,MissionEvent,13009,event_mission_recurring_playweapon_railgun_name,event_mission_recurring_playweapon_railgun_desc,2024-08-20T00:00:00,2024-08-23T00:00:00,0.0,0,50,,0,True,missionEvent_recurring_playweapon_railgun
True,MissionEvent,13010,event_mission_recurring_playweapon_mortargun_name,event_mission_recurring_playweapon_mortargun_desc,2024-09-11T00:00:00,2024-09-14T00:00:00,0.0,0,50,,0,True,missionEvent_recurring_playweapon_mortargun
True,MissionEvent,13011,event_mission_recurring_playweapon_dragonbreath_name,event_mission_recurring_playweapon_dragonbreath_desc,2024-09-24T00:00:00,2024-09-27T00:00:00,0.0,0,50,,0,True,missionEvent_recurring_playweapon_dragonbreath
True,MissionEvent,13012,event_mission_recurring_playweapon_railgun_name,event_mission_recurring_playweapon_railgun_desc,2024-10-08T00:00:00,2024-10-11T00:00:00,0.0,0,50,,0,True,missionEvent_recurring_playweapon_railgun
True,MissionEvent,13013,event_mission_recurring_playweapon_shotgun_name,event_mission_recurring_playweapon_shotgun_desc,2024-10-23T00:00:00,2024-10-26T00:00:00,0.0,0,50,,0,True,missionEvent_recurring_playweapon_shotgun
True,MissionEvent,13014,event_mission_recurring_playweapon_teslagun_name,event_mission_recurring_playweapon_teslagun_desc,2024-11-08T00:00:00,2024-11-11T00:00:00,0.0,0,50,,0,True,missionEvent_recurring_playweapon_teslagun
True,MissionEvent,13015,event_mission_recurring_playweapon_railgun_name,event_mission_recurring_playweapon_railgun_desc,2024-11-25T00:00:00,2024-11-28T00:00:00,0.0,0,50,,0,True,missionEvent_recurring_playweapon_railgun
True,MissionEvent,13016,event_mission_recurring_playweapon_mortargun_name,event_mission_recurring_playweapon_mortargun_desc,2024-12-13T00:00:00,2024-12-16T00:00:00,0.0,0,50,,0,True,missionEvent_recurring_playweapon_mortargun
True,MissionEvent,13017,event_mission_recurring_playweapon_assaultgun_name,event_mission_recurring_playweapon_assaultgun_desc,2025-01-01T00:00:00,2025-01-04T00:00:00,0.0,0,50,,0,True,missionEvent_recurring_playweapon_assaultgun
True,MissionEvent,13018,event_mission_recurring_playweapon_teslagun_name,event_mission_recurring_playweapon_teslagun_desc,2025-01-21T00:00:00,2025-01-24T00:00:00,0.0,0,50,,0,True,missionEvent_recurring_playweapon_teslagun
True,MissionEvent,13019,event_mission_recurring_playweapon_shotgun_name,event_mission_recurring_playweapon_shotgun_desc,2025-02-11T00:00:00,2025-02-14T00:00:00,0.0,0,50,,0,True,missionEvent_recurring_playweapon_shotgun
True,MissionEvent,13020,event_mission_recurring_playweapon_assaultgun_name,event_mission_recurring_playweapon_assaultgun_desc,2025-03-05T00:00:00,2025-03-08T00:00:00,0.0,0,50,,0,True,missionEvent_recurring_playweapon_assaultgun
True,MissionEvent,13021,event_mission_recurring_playweapon_mortargun_name,event_mission_recurring_playweapon_mortargun_desc,2025-03-18T00:00:00,2025-03-21T00:00:00,0.0,0,50,,0,True,missionEvent_recurring_playweapon_mortargun
True,MissionEvent,13022,event_mission_recurring_playweapon_railgun_name,event_mission_recurring_playweapon_railgun_desc,2025-04-01T00:00:00,2025-04-04T00:00:00,0.0,0,50,,0,True,missionEvent_recurring_playweapon_railgun
True,MissionEvent,13023,event_mission_recurring_playweapon_shotgun_name,event_mission_recurring_playweapon_shotgun_desc,2025-04-16T00:00:00,2025-04-19T00:00:00,0.0,0,50,,0,True,missionEvent_recurring_playweapon_shotgun
True,MissionEvent,13024,event_mission_recurring_playweapon_dragonbreath_name,event_mission_recurring_playweapon_dragonbreath_desc,2025-05-02T00:00:00,2025-05-05T00:00:00,0.0,0,50,,0,True,missionEvent_recurring_playweapon_dragonbreath
True,MissionEvent,13025,event_mission_recurring_playweapon_railgun_name,event_mission_recurring_playweapon_railgun_desc,2025-05-19T00:00:00,2025-05-22T00:00:00,0.0,0,50,,0,True,missionEvent_recurring_playweapon_railgun
True,MissionEvent,13026,event_mission_recurring_playweapon_mortargun_name,event_mission_recurring_playweapon_mortargun_desc,2025-06-06T00:00:00,2025-06-09T00:00:00,0.0,0,50,,0,True,missionEvent_recurring_playweapon_mortargun
True,MissionEvent,13027,event_mission_recurring_playweapon_shotgun_name,event_mission_recurring_playweapon_shotgun_desc,2025-06-25T00:00:00,2025-06-28T00:00:00,0.0,0,50,,0,True,missionEvent_recurring_playweapon_shotgun
True,MissionEvent,13028,event_mission_recurring_playweapon_teslagun_name,event_mission_recurring_playweapon_teslagun_desc,2025-07-15T00:00:00,2025-07-18T00:00:00,0.0,0,50,,0,True,missionEvent_recurring_playweapon_teslagun
True,MissionEvent,13029,event_mission_recurring_playweapon_assaultgun_name,event_mission_recurring_playweapon_assaultgun_desc,2025-08-05T00:00:00,2025-08-08T00:00:00,0.0,0,50,,0,True,missionEvent_recurring_playweapon_assaultgun
True,MissionEvent,13030,event_mission_recurring_playweapon_mortargun_name,event_mission_recurring_playweapon_mortargun_desc,2025-08-27T00:00:00,2025-08-30T00:00:00,0.0,0,50,,0,True,missionEvent_recurring_playweapon_mortargun
True,MissionEvent,13031,event_mission_recurring_playweapon_railgun_name,event_mission_recurring_playweapon_railgun_desc,2025-09-09T00:00:00,2025-09-12T00:00:00,0.0,0,50,,0,True,missionEvent_recurring_playweapon_railgun
True,MissionEvent,13032,event_mission_recurring_playweapon_shotgun_name,event_mission_recurring_playweapon_shotgun_desc,2025-09-23T00:00:00,2025-09-26T00:00:00,0.0,0,50,,0,True,missionEvent_recurring_playweapon_shotgun
True,MissionEvent,13033,event_mission_recurring_playweapon_assaultgun_name,event_mission_recurring_playweapon_assaultgun_desc,2025-10-08T00:00:00,2025-10-11T00:00:00,0.0,0,50,,0,True,missionEvent_recurring_playweapon_assaultgun
True,MissionEvent,13034,event_mission_recurring_playweapon_dragonbreath_name,event_mission_recurring_playweapon_dragonbreath_desc,2025-10-24T00:00:00,2025-10-27T00:00:00,0.0,0,50,,0,True,missionEvent_recurring_playweapon_dragonbreath
True,MissionEvent,13035,event_mission_recurring_playweapon_mortargun_name,event_mission_recurring_playweapon_mortargun_desc,2025-11-10T00:00:00,2025-11-13T00:00:00,0.0,0,50,,0,True,missionEvent_recurring_playweapon_mortargun
True,MissionEvent,13036,event_mission_recurring_playweapon_railgun_name,event_mission_recurring_playweapon_railgun_desc,2025-11-28T00:00:00,2025-12-01T00:00:00,0.0,0,50,,0,True,missionEvent_recurring_playweapon_railgun
True,MissionEvent,13037,event_mission_recurring_playweapon_teslagun_name,event_mission_recurring_playweapon_teslagun_desc,2025-12-16T00:00:00,2025-12-19T00:00:00,0.0,0,50,,0,True,missionEvent_recurring_playweapon_teslagun
True,MissionEvent,13038,event_mission_recurring_playweapon_shotgun_name,event_mission_recurring_playweapon_shotgun_desc,2026-01-04T00:00:00,2026-01-07T00:00:00,0.0,0,50,,0,True,missionEvent_recurring_playweapon_shotgun
True,MissionEvent,13039,event_mission_recurring_playweapon_railgun_name,event_mission_recurring_playweapon_railgun_desc,2026-01-24T00:00:00,2026-01-27T00:00:00,0.0,0,50,,0,True,missionEvent_recurring_playweapon_railgun
True,MissionEvent,13040,event_mission_recurring_playweapon_mortargun_name,event_mission_recurring_playweapon_mortargun_desc,2026-02-14T00:00:00,2026-02-17T00:00:00,0.0,0,50,,0,True,missionEvent_recurring_playweapon_mortargun
True,MissionEvent,13041,event_mission_recurring_playweapon_assaultgun_name,event_mission_recurring_playweapon_assaultgun_desc,2026-03-08T00:00:00,2026-03-11T00:00:00,0.0,0,50,,0,True,missionEvent_recurring_playweapon_assaultgun
True,MissionEvent,13042,event_mission_recurring_playweapon_teslagun_name,event_mission_recurring_playweapon_teslagun_desc,2026-03-21T00:00:00,2026-03-24T00:00:00,0.0,0,50,,0,True,missionEvent_recurring_playweapon_teslagun
True,MissionEvent,13043,event_mission_recurring_playweapon_railgun_name,event_mission_recurring_playweapon_railgun_desc,2026-04-04T00:00:00,2026-04-07T00:00:00,0.0,0,50,,0,True,missionEvent_recurring_playweapon_railgun
True,MissionEvent,13044,event_mission_recurring_playweapon_dragonbreath_name,event_mission_recurring_playweapon_dragonbreath_desc,2026-04-19T00:00:00,2026-04-22T00:00:00,0.0,0,50,,0,True,missionEvent_recurring_playweapon_dragonbreath
True,MissionEvent,13045,event_mission_recurring_playweapon_mortargun_name,event_mission_recurring_playweapon_mortargun_desc,2026-05-05T00:00:00,2026-05-08T00:00:00,0.0,0,50,,0,True,missionEvent_recurring_playweapon_mortargun
True,MissionEvent,13046,event_mission_recurring_playweapon_dragonbreath_name,event_mission_recurring_playweapon_dragonbreath_desc,2026-05-22T00:00:00,2026-05-25T00:00:00,0.0,0,50,,0,True,missionEvent_recurring_playweapon_dragonbreath
